<?xml version="1.0" encoding="UTF-8"?>
<gpx version="1.1" creator="karoo-live-tracker demo generator" xmlns="http://www.topografix.com/GPX/1/1">
  <metadata><name>Prague → Karlštejn</name></metadata>
  <trk>
    <name>Prague → Karlštejn</name>
    <trkseg>
      <trkpt lat="50.087562" lon="14.421611"><ele>199.0</ele><time>2025-06-14T08:30:00Z</time></trkpt>
      <trkpt lat="50.087496" lon="14.421643"><ele>198.8</ele><time>2025-06-14T08:30:01Z</time></trkpt>
      <trkpt lat="50.087374" lon="14.421702"><ele>198.6</ele><time>2025-06-14T08:30:03Z</time></trkpt>
      <trkpt lat="50.087252" lon="14.421761"><ele>198.3</ele><time>2025-06-14T08:30:05Z</time></trkpt>
      <trkpt lat="50.087210" lon="14.421625"><ele>198.1</ele><time>2025-06-14T08:30:06Z</time></trkpt>
      <trkpt lat="50.087169" lon="14.421489"><ele>197.9</ele><time>2025-06-14T08:30:08Z</time></trkpt>
      <trkpt lat="50.087127" lon="14.421353"><ele>197.7</ele><time>2025-06-14T08:30:09Z</time></trkpt>
      <trkpt lat="50.087085" lon="14.421217"><ele>197.4</ele><time>2025-06-14T08:30:10Z</time></trkpt>
      <trkpt lat="50.087037" lon="14.421072"><ele>197.2</ele><time>2025-06-14T08:30:12Z</time></trkpt>
      <trkpt lat="50.086988" lon="14.420944"><ele>197.0</ele><time>2025-06-14T08:30:13Z</time></trkpt>
      <trkpt lat="50.086939" lon="14.420816"><ele>197.8</ele><time>2025-06-14T08:30:16Z</time></trkpt>
      <trkpt lat="50.086889" lon="14.420688"><ele>198.6</ele><time>2025-06-14T08:30:20Z</time></trkpt>
      <trkpt lat="50.086840" lon="14.420560"><ele>199.4</ele><time>2025-06-14T08:30:23Z</time></trkpt>
      <trkpt lat="50.086781" lon="14.420415"><ele>200.3</ele><time>2025-06-14T08:30:26Z</time></trkpt>
      <trkpt lat="50.086721" lon="14.420271"><ele>201.2</ele><time>2025-06-14T08:30:30Z</time></trkpt>
      <trkpt lat="50.086662" lon="14.420126"><ele>202.1</ele><time>2025-06-14T08:30:34Z</time></trkpt>
      <trkpt lat="50.086561" lon="14.419911"><ele>203.5</ele><time>2025-06-14T08:30:39Z</time></trkpt>
      <trkpt lat="50.086558" lon="14.419906"><ele>203.5</ele><time>2025-06-14T08:30:39Z</time></trkpt>
      <trkpt lat="50.086530" lon="14.419821"><ele>204.0</ele><time>2025-06-14T08:30:41Z</time></trkpt>
      <trkpt lat="50.086639" lon="14.419674"><ele>204.3</ele><time>2025-06-14T08:30:44Z</time></trkpt>
      <trkpt lat="50.086748" lon="14.419529"><ele>204.6</ele><time>2025-06-14T08:30:47Z</time></trkpt>
      <trkpt lat="50.086840" lon="14.419399"><ele>204.9</ele><time>2025-06-14T08:30:49Z</time></trkpt>
      <trkpt lat="50.086931" lon="14.419354"><ele>205.1</ele><time>2025-06-14T08:30:51Z</time></trkpt>
      <trkpt lat="50.087022" lon="14.419309"><ele>205.4</ele><time>2025-06-14T08:30:53Z</time></trkpt>
      <trkpt lat="50.087064" lon="14.419270"><ele>205.5</ele><time>2025-06-14T08:30:54Z</time></trkpt>
      <trkpt lat="50.087108" lon="14.419220"><ele>205.6</ele><time>2025-06-14T08:30:55Z</time></trkpt>
      <trkpt lat="50.087084" lon="14.419083"><ele>205.8</ele><time>2025-06-14T08:30:56Z</time></trkpt>
      <trkpt lat="50.087060" lon="14.418946"><ele>206.0</ele><time>2025-06-14T08:30:58Z</time></trkpt>
      <trkpt lat="50.087035" lon="14.418808"><ele>205.9</ele><time>2025-06-14T08:30:59Z</time></trkpt>
      <trkpt lat="50.087011" lon="14.418671"><ele>205.7</ele><time>2025-06-14T08:31:01Z</time></trkpt>
      <trkpt lat="50.086987" lon="14.418534"><ele>205.6</ele><time>2025-06-14T08:31:02Z</time></trkpt>
      <trkpt lat="50.086963" lon="14.418397"><ele>205.5</ele><time>2025-06-14T08:31:03Z</time></trkpt>
      <trkpt lat="50.086938" lon="14.418259"><ele>205.3</ele><time>2025-06-14T08:31:05Z</time></trkpt>
      <trkpt lat="50.086914" lon="14.418122"><ele>205.2</ele><time>2025-06-14T08:31:06Z</time></trkpt>
      <trkpt lat="50.086890" lon="14.417985"><ele>205.1</ele><time>2025-06-14T08:31:08Z</time></trkpt>
      <trkpt lat="50.086886" lon="14.417953"><ele>205.0</ele><time>2025-06-14T08:31:08Z</time></trkpt>
      <trkpt lat="50.086884" lon="14.417914"><ele>205.0</ele><time>2025-06-14T08:31:08Z</time></trkpt>
      <trkpt lat="50.086867" lon="14.417796"><ele>205.0</ele><time>2025-06-14T08:31:09Z</time></trkpt>
      <trkpt lat="50.086832" lon="14.417634"><ele>205.0</ele><time>2025-06-14T08:31:11Z</time></trkpt>
      <trkpt lat="50.086829" lon="14.417618"><ele>205.0</ele><time>2025-06-14T08:31:11Z</time></trkpt>
      <trkpt lat="50.086780" lon="14.417414"><ele>205.0</ele><time>2025-06-14T08:31:14Z</time></trkpt>
      <trkpt lat="50.086768" lon="14.417380"><ele>205.0</ele><time>2025-06-14T08:31:14Z</time></trkpt>
      <trkpt lat="50.086848" lon="14.417322"><ele>205.0</ele><time>2025-06-14T08:31:15Z</time></trkpt>
      <trkpt lat="50.086889" lon="14.417312"><ele>205.0</ele><time>2025-06-14T08:31:16Z</time></trkpt>
      <trkpt lat="50.086937" lon="14.417316"><ele>205.0</ele><time>2025-06-14T08:31:17Z</time></trkpt>
      <trkpt lat="50.087020" lon="14.417337"><ele>205.0</ele><time>2025-06-14T08:31:18Z</time></trkpt>
      <trkpt lat="50.087021" lon="14.417268"><ele>205.0</ele><time>2025-06-14T08:31:19Z</time></trkpt>
      <trkpt lat="50.087019" lon="14.417215"><ele>205.0</ele><time>2025-06-14T08:31:19Z</time></trkpt>
      <trkpt lat="50.087014" lon="14.416955"><ele>205.0</ele><time>2025-06-14T08:31:22Z</time></trkpt>
      <trkpt lat="50.087013" lon="14.416913"><ele>205.0</ele><time>2025-06-14T08:31:22Z</time></trkpt>
      <trkpt lat="50.087005" lon="14.416887"><ele>205.0</ele><time>2025-06-14T08:31:23Z</time></trkpt>
      <trkpt lat="50.086993" lon="14.416870"><ele>205.0</ele><time>2025-06-14T08:31:23Z</time></trkpt>
      <trkpt lat="50.086976" lon="14.416855"><ele>205.0</ele><time>2025-06-14T08:31:23Z</time></trkpt>
      <trkpt lat="50.086810" lon="14.416784"><ele>205.0</ele><time>2025-06-14T08:31:26Z</time></trkpt>
      <trkpt lat="50.086706" lon="14.416726"><ele>205.0</ele><time>2025-06-14T08:31:28Z</time></trkpt>
      <trkpt lat="50.086669" lon="14.416711"><ele>204.9</ele><time>2025-06-14T08:31:28Z</time></trkpt>
      <trkpt lat="50.086609" lon="14.416681"><ele>204.7</ele><time>2025-06-14T08:31:29Z</time></trkpt>
      <trkpt lat="50.086577" lon="14.416674"><ele>204.6</ele><time>2025-06-14T08:31:29Z</time></trkpt>
      <trkpt lat="50.086441" lon="14.416659"><ele>204.3</ele><time>2025-06-14T08:31:31Z</time></trkpt>
      <trkpt lat="50.086421" lon="14.416645"><ele>204.2</ele><time>2025-06-14T08:31:32Z</time></trkpt>
      <trkpt lat="50.086412" lon="14.416635"><ele>204.2</ele><time>2025-06-14T08:31:32Z</time></trkpt>
      <trkpt lat="50.086403" lon="14.416623"><ele>204.2</ele><time>2025-06-14T08:31:32Z</time></trkpt>
      <trkpt lat="50.086384" lon="14.416581"><ele>204.1</ele><time>2025-06-14T08:31:32Z</time></trkpt>
      <trkpt lat="50.086374" lon="14.416542"><ele>204.0</ele><time>2025-06-14T08:31:33Z</time></trkpt>
      <trkpt lat="50.086368" lon="14.416503"><ele>204.1</ele><time>2025-06-14T08:31:33Z</time></trkpt>
      <trkpt lat="50.086365" lon="14.416463"><ele>204.1</ele><time>2025-06-14T08:31:34Z</time></trkpt>
      <trkpt lat="50.086365" lon="14.416318"><ele>204.4</ele><time>2025-06-14T08:31:35Z</time></trkpt>
      <trkpt lat="50.086365" lon="14.416174"><ele>204.6</ele><time>2025-06-14T08:31:37Z</time></trkpt>
      <trkpt lat="50.086364" lon="14.416029"><ele>204.9</ele><time>2025-06-14T08:31:39Z</time></trkpt>
      <trkpt lat="50.086364" lon="14.415885"><ele>205.1</ele><time>2025-06-14T08:31:41Z</time></trkpt>
      <trkpt lat="50.086364" lon="14.415740"><ele>205.4</ele><time>2025-06-14T08:31:42Z</time></trkpt>
      <trkpt lat="50.086363" lon="14.415499"><ele>205.8</ele><time>2025-06-14T08:31:45Z</time></trkpt>
      <trkpt lat="50.086366" lon="14.415376"><ele>206.0</ele><time>2025-06-14T08:31:47Z</time></trkpt>
      <trkpt lat="50.086359" lon="14.415299"><ele>205.0</ele><time>2025-06-14T08:31:47Z</time></trkpt>
      <trkpt lat="50.086329" lon="14.415140"><ele>203.0</ele><time>2025-06-14T08:31:48Z</time></trkpt>
      <trkpt lat="50.086299" lon="14.414982"><ele>200.9</ele><time>2025-06-14T08:31:49Z</time></trkpt>
      <trkpt lat="50.086288" lon="14.414721"><ele>197.6</ele><time>2025-06-14T08:31:51Z</time></trkpt>
      <trkpt lat="50.086290" lon="14.414626"><ele>196.4</ele><time>2025-06-14T08:31:51Z</time></trkpt>
      <trkpt lat="50.086290" lon="14.414605"><ele>196.1</ele><time>2025-06-14T08:31:51Z</time></trkpt>
      <trkpt lat="50.086291" lon="14.414561"><ele>195.6</ele><time>2025-06-14T08:31:51Z</time></trkpt>
      <trkpt lat="50.086292" lon="14.414534"><ele>195.3</ele><time>2025-06-14T08:31:52Z</time></trkpt>
      <trkpt lat="50.086293" lon="14.414514"><ele>195.0</ele><time>2025-06-14T08:31:52Z</time></trkpt>
      <trkpt lat="50.086146" lon="14.414431"><ele>195.5</ele><time>2025-06-14T08:31:55Z</time></trkpt>
      <trkpt lat="50.086060" lon="14.414387"><ele>195.8</ele><time>2025-06-14T08:31:57Z</time></trkpt>
      <trkpt lat="50.086022" lon="14.414321"><ele>196.0</ele><time>2025-06-14T08:31:58Z</time></trkpt>
      <trkpt lat="50.085943" lon="14.414275"><ele>196.3</ele><time>2025-06-14T08:31:59Z</time></trkpt>
      <trkpt lat="50.085852" lon="14.414232"><ele>196.6</ele><time>2025-06-14T08:32:01Z</time></trkpt>
      <trkpt lat="50.085761" lon="14.414190"><ele>196.9</ele><time>2025-06-14T08:32:03Z</time></trkpt>
      <trkpt lat="50.085670" lon="14.414147"><ele>197.2</ele><time>2025-06-14T08:32:05Z</time></trkpt>
      <trkpt lat="50.085564" lon="14.414081"><ele>197.6</ele><time>2025-06-14T08:32:07Z</time></trkpt>
      <trkpt lat="50.085457" lon="14.414016"><ele>198.0</ele><time>2025-06-14T08:32:10Z</time></trkpt>
      <trkpt lat="50.085351" lon="14.413950"><ele>196.2</ele><time>2025-06-14T08:32:11Z</time></trkpt>
      <trkpt lat="50.085263" lon="14.413906"><ele>194.7</ele><time>2025-06-14T08:32:11Z</time></trkpt>
      <trkpt lat="50.085175" lon="14.413863"><ele>193.3</ele><time>2025-06-14T08:32:12Z</time></trkpt>
      <trkpt lat="50.085087" lon="14.413820"><ele>191.8</ele><time>2025-06-14T08:32:13Z</time></trkpt>
      <trkpt lat="50.084999" lon="14.413776"><ele>190.4</ele><time>2025-06-14T08:32:14Z</time></trkpt>
      <trkpt lat="50.084893" lon="14.413717"><ele>188.6</ele><time>2025-06-14T08:32:15Z</time></trkpt>
      <trkpt lat="50.084801" lon="14.413667"><ele>187.1</ele><time>2025-06-14T08:32:16Z</time></trkpt>
      <trkpt lat="50.084709" lon="14.413617"><ele>185.5</ele><time>2025-06-14T08:32:17Z</time></trkpt>
      <trkpt lat="50.084617" lon="14.413566"><ele>184.0</ele><time>2025-06-14T08:32:17Z</time></trkpt>
      <trkpt lat="50.084525" lon="14.413516"><ele>184.0</ele><time>2025-06-14T08:32:19Z</time></trkpt>
      <trkpt lat="50.084433" lon="14.413466"><ele>184.0</ele><time>2025-06-14T08:32:21Z</time></trkpt>
      <trkpt lat="50.084298" lon="14.413413"><ele>184.0</ele><time>2025-06-14T08:32:23Z</time></trkpt>
      <trkpt lat="50.084207" lon="14.413394"><ele>184.0</ele><time>2025-06-14T08:32:24Z</time></trkpt>
      <trkpt lat="50.084117" lon="14.413376"><ele>184.0</ele><time>2025-06-14T08:32:26Z</time></trkpt>
      <trkpt lat="50.083999" lon="14.413355"><ele>184.0</ele><time>2025-06-14T08:32:28Z</time></trkpt>
      <trkpt lat="50.083882" lon="14.413334"><ele>184.0</ele><time>2025-06-14T08:32:30Z</time></trkpt>
      <trkpt lat="50.083764" lon="14.413313"><ele>184.0</ele><time>2025-06-14T08:32:32Z</time></trkpt>
      <trkpt lat="50.083644" lon="14.413296"><ele>184.0</ele><time>2025-06-14T08:32:34Z</time></trkpt>
      <trkpt lat="50.083524" lon="14.413278"><ele>184.0</ele><time>2025-06-14T08:32:35Z</time></trkpt>
      <trkpt lat="50.083463" lon="14.413268"><ele>184.0</ele><time>2025-06-14T08:32:36Z</time></trkpt>
      <trkpt lat="50.083340" lon="14.413249"><ele>184.0</ele><time>2025-06-14T08:32:38Z</time></trkpt>
      <trkpt lat="50.083217" lon="14.413231"><ele>184.0</ele><time>2025-06-14T08:32:41Z</time></trkpt>
      <trkpt lat="50.083106" lon="14.413214"><ele>184.0</ele><time>2025-06-14T08:32:42Z</time></trkpt>
      <trkpt lat="50.082996" lon="14.413198"><ele>184.0</ele><time>2025-06-14T08:32:44Z</time></trkpt>
      <trkpt lat="50.082899" lon="14.413184"><ele>184.0</ele><time>2025-06-14T08:32:46Z</time></trkpt>
      <trkpt lat="50.082801" lon="14.413170"><ele>184.0</ele><time>2025-06-14T08:32:47Z</time></trkpt>
      <trkpt lat="50.082704" lon="14.413155"><ele>184.0</ele><time>2025-06-14T08:32:49Z</time></trkpt>
      <trkpt lat="50.082606" lon="14.413141"><ele>184.3</ele><time>2025-06-14T08:32:51Z</time></trkpt>
      <trkpt lat="50.082509" lon="14.413127"><ele>184.6</ele><time>2025-06-14T08:32:53Z</time></trkpt>
      <trkpt lat="50.082408" lon="14.413113"><ele>185.0</ele><time>2025-06-14T08:32:55Z</time></trkpt>
      <trkpt lat="50.082307" lon="14.413098"><ele>185.3</ele><time>2025-06-14T08:32:57Z</time></trkpt>
      <trkpt lat="50.082206" lon="14.413084"><ele>185.7</ele><time>2025-06-14T08:32:59Z</time></trkpt>
      <trkpt lat="50.082105" lon="14.413069"><ele>186.0</ele><time>2025-06-14T08:33:02Z</time></trkpt>
      <trkpt lat="50.082004" lon="14.413055"><ele>186.3</ele><time>2025-06-14T08:33:04Z</time></trkpt>
      <trkpt lat="50.081903" lon="14.413040"><ele>186.7</ele><time>2025-06-14T08:33:06Z</time></trkpt>
      <trkpt lat="50.081802" lon="14.413026"><ele>187.0</ele><time>2025-06-14T08:33:08Z</time></trkpt>
      <trkpt lat="50.081702" lon="14.413009"><ele>187.2</ele><time>2025-06-14T08:33:10Z</time></trkpt>
      <trkpt lat="50.081649" lon="14.413003"><ele>187.4</ele><time>2025-06-14T08:33:11Z</time></trkpt>
      <trkpt lat="50.081630" lon="14.413003"><ele>187.4</ele><time>2025-06-14T08:33:11Z</time></trkpt>
      <trkpt lat="50.081599" lon="14.413001"><ele>187.5</ele><time>2025-06-14T08:33:12Z</time></trkpt>
      <trkpt lat="50.081546" lon="14.413001"><ele>187.6</ele><time>2025-06-14T08:33:13Z</time></trkpt>
      <trkpt lat="50.081504" lon="14.413004"><ele>187.7</ele><time>2025-06-14T08:33:14Z</time></trkpt>
      <trkpt lat="50.081411" lon="14.413012"><ele>187.9</ele><time>2025-06-14T08:33:16Z</time></trkpt>
      <trkpt lat="50.081395" lon="14.413014"><ele>188.0</ele><time>2025-06-14T08:33:16Z</time></trkpt>
      <trkpt lat="50.081382" lon="14.413015"><ele>188.0</ele><time>2025-06-14T08:33:16Z</time></trkpt>
      <trkpt lat="50.081293" lon="14.413032"><ele>187.6</ele><time>2025-06-14T08:33:17Z</time></trkpt>
      <trkpt lat="50.081272" lon="14.413037"><ele>187.5</ele><time>2025-06-14T08:33:18Z</time></trkpt>
      <trkpt lat="50.081207" lon="14.413051"><ele>187.2</ele><time>2025-06-14T08:33:19Z</time></trkpt>
      <trkpt lat="50.081178" lon="14.413058"><ele>187.1</ele><time>2025-06-14T08:33:19Z</time></trkpt>
      <trkpt lat="50.081097" lon="14.413078"><ele>186.7</ele><time>2025-06-14T08:33:20Z</time></trkpt>
      <trkpt lat="50.081008" lon="14.413116"><ele>186.3</ele><time>2025-06-14T08:33:21Z</time></trkpt>
      <trkpt lat="50.080921" lon="14.413162"><ele>185.8</ele><time>2025-06-14T08:33:22Z</time></trkpt>
      <trkpt lat="50.080833" lon="14.413207"><ele>185.4</ele><time>2025-06-14T08:33:24Z</time></trkpt>
      <trkpt lat="50.080746" lon="14.413253"><ele>185.0</ele><time>2025-06-14T08:33:25Z</time></trkpt>
      <trkpt lat="50.080713" lon="14.413270"><ele>185.0</ele><time>2025-06-14T08:33:26Z</time></trkpt>
      <trkpt lat="50.080583" lon="14.413352"><ele>185.0</ele><time>2025-06-14T08:33:28Z</time></trkpt>
      <trkpt lat="50.080553" lon="14.413356"><ele>185.0</ele><time>2025-06-14T08:33:28Z</time></trkpt>
      <trkpt lat="50.080514" lon="14.413360"><ele>185.0</ele><time>2025-06-14T08:33:29Z</time></trkpt>
      <trkpt lat="50.080427" lon="14.413379"><ele>185.0</ele><time>2025-06-14T08:33:31Z</time></trkpt>
      <trkpt lat="50.080402" lon="14.413387"><ele>185.0</ele><time>2025-06-14T08:33:31Z</time></trkpt>
      <trkpt lat="50.080361" lon="14.413407"><ele>185.0</ele><time>2025-06-14T08:33:32Z</time></trkpt>
      <trkpt lat="50.080259" lon="14.413482"><ele>185.0</ele><time>2025-06-14T08:33:34Z</time></trkpt>
      <trkpt lat="50.080157" lon="14.413558"><ele>185.0</ele><time>2025-06-14T08:33:36Z</time></trkpt>
      <trkpt lat="50.080055" lon="14.413633"><ele>185.9</ele><time>2025-06-14T08:33:40Z</time></trkpt>
      <trkpt lat="50.079989" lon="14.413678"><ele>186.4</ele><time>2025-06-14T08:33:42Z</time></trkpt>
      <trkpt lat="50.079923" lon="14.413719"><ele>187.0</ele><time>2025-06-14T08:33:45Z</time></trkpt>
      <trkpt lat="50.079822" lon="14.413769"><ele>187.8</ele><time>2025-06-14T08:33:48Z</time></trkpt>
      <trkpt lat="50.079793" lon="14.413783"><ele>188.0</ele><time>2025-06-14T08:33:50Z</time></trkpt>
      <trkpt lat="50.079734" lon="14.413817"><ele>188.5</ele><time>2025-06-14T08:33:52Z</time></trkpt>
      <trkpt lat="50.079624" lon="14.413880"><ele>189.4</ele><time>2025-06-14T08:33:56Z</time></trkpt>
      <trkpt lat="50.079521" lon="14.413915"><ele>190.2</ele><time>2025-06-14T08:34:00Z</time></trkpt>
      <trkpt lat="50.079419" lon="14.413949"><ele>191.0</ele><time>2025-06-14T08:34:03Z</time></trkpt>
      <trkpt lat="50.079291" lon="14.413985"><ele>191.0</ele><time>2025-06-14T08:34:06Z</time></trkpt>
      <trkpt lat="50.079180" lon="14.414012"><ele>191.0</ele><time>2025-06-14T08:34:08Z</time></trkpt>
      <trkpt lat="50.079070" lon="14.414039"><ele>191.0</ele><time>2025-06-14T08:34:10Z</time></trkpt>
      <trkpt lat="50.078968" lon="14.414057"><ele>191.0</ele><time>2025-06-14T08:34:11Z</time></trkpt>
      <trkpt lat="50.078867" lon="14.414074"><ele>191.0</ele><time>2025-06-14T08:34:13Z</time></trkpt>
      <trkpt lat="50.078765" lon="14.414091"><ele>191.0</ele><time>2025-06-14T08:34:15Z</time></trkpt>
      <trkpt lat="50.078663" lon="14.414109"><ele>191.0</ele><time>2025-06-14T08:34:17Z</time></trkpt>
      <trkpt lat="50.078571" lon="14.414122"><ele>191.0</ele><time>2025-06-14T08:34:18Z</time></trkpt>
      <trkpt lat="50.078479" lon="14.414134"><ele>191.0</ele><time>2025-06-14T08:34:20Z</time></trkpt>
      <trkpt lat="50.078387" lon="14.414146"><ele>191.0</ele><time>2025-06-14T08:34:22Z</time></trkpt>
      <trkpt lat="50.078295" lon="14.414159"><ele>191.0</ele><time>2025-06-14T08:34:23Z</time></trkpt>
      <trkpt lat="50.078203" lon="14.414172"><ele>191.0</ele><time>2025-06-14T08:34:25Z</time></trkpt>
      <trkpt lat="50.078111" lon="14.414184"><ele>191.0</ele><time>2025-06-14T08:34:27Z</time></trkpt>
      <trkpt lat="50.078019" lon="14.414196"><ele>191.0</ele><time>2025-06-14T08:34:28Z</time></trkpt>
      <trkpt lat="50.077927" lon="14.414209"><ele>191.0</ele><time>2025-06-14T08:34:30Z</time></trkpt>
      <trkpt lat="50.077831" lon="14.414217"><ele>191.0</ele><time>2025-06-14T08:34:32Z</time></trkpt>
      <trkpt lat="50.077735" lon="14.414225"><ele>191.0</ele><time>2025-06-14T08:34:33Z</time></trkpt>
      <trkpt lat="50.077638" lon="14.414233"><ele>191.0</ele><time>2025-06-14T08:34:35Z</time></trkpt>
      <trkpt lat="50.077542" lon="14.414241"><ele>191.3</ele><time>2025-06-14T08:34:37Z</time></trkpt>
      <trkpt lat="50.077513" lon="14.414243"><ele>191.3</ele><time>2025-06-14T08:34:38Z</time></trkpt>
      <trkpt lat="50.077457" lon="14.414253"><ele>191.5</ele><time>2025-06-14T08:34:39Z</time></trkpt>
      <trkpt lat="50.077397" lon="14.414271"><ele>191.7</ele><time>2025-06-14T08:34:40Z</time></trkpt>
      <trkpt lat="50.077282" lon="14.414286"><ele>192.0</ele><time>2025-06-14T08:34:43Z</time></trkpt>
      <trkpt lat="50.077196" lon="14.414271"><ele>192.2</ele><time>2025-06-14T08:34:45Z</time></trkpt>
      <trkpt lat="50.077098" lon="14.414246"><ele>192.5</ele><time>2025-06-14T08:34:47Z</time></trkpt>
      <trkpt lat="50.077002" lon="14.414221"><ele>192.7</ele><time>2025-06-14T08:34:49Z</time></trkpt>
      <trkpt lat="50.076905" lon="14.414196"><ele>193.0</ele><time>2025-06-14T08:34:51Z</time></trkpt>
      <trkpt lat="50.076809" lon="14.414171"><ele>193.0</ele><time>2025-06-14T08:34:53Z</time></trkpt>
      <trkpt lat="50.076712" lon="14.414146"><ele>193.0</ele><time>2025-06-14T08:34:55Z</time></trkpt>
      <trkpt lat="50.076616" lon="14.414121"><ele>193.0</ele><time>2025-06-14T08:34:56Z</time></trkpt>
      <trkpt lat="50.076519" lon="14.414096"><ele>193.0</ele><time>2025-06-14T08:34:58Z</time></trkpt>
      <trkpt lat="50.076423" lon="14.414071"><ele>193.0</ele><time>2025-06-14T08:35:00Z</time></trkpt>
      <trkpt lat="50.076323" lon="14.414044"><ele>193.0</ele><time>2025-06-14T08:35:02Z</time></trkpt>
      <trkpt lat="50.076223" lon="14.414018"><ele>193.0</ele><time>2025-06-14T08:35:03Z</time></trkpt>
      <trkpt lat="50.076123" lon="14.413991"><ele>193.0</ele><time>2025-06-14T08:35:05Z</time></trkpt>
      <trkpt lat="50.076023" lon="14.413965"><ele>193.0</ele><time>2025-06-14T08:35:07Z</time></trkpt>
      <trkpt lat="50.075921" lon="14.413933"><ele>192.8</ele><time>2025-06-14T08:35:09Z</time></trkpt>
      <trkpt lat="50.075895" lon="14.413926"><ele>192.8</ele><time>2025-06-14T08:35:09Z</time></trkpt>
      <trkpt lat="50.075864" lon="14.413918"><ele>192.7</ele><time>2025-06-14T08:35:10Z</time></trkpt>
      <trkpt lat="50.075822" lon="14.413904"><ele>192.6</ele><time>2025-06-14T08:35:10Z</time></trkpt>
      <trkpt lat="50.075792" lon="14.413895"><ele>192.6</ele><time>2025-06-14T08:35:11Z</time></trkpt>
      <trkpt lat="50.075692" lon="14.413863"><ele>192.4</ele><time>2025-06-14T08:35:12Z</time></trkpt>
      <trkpt lat="50.075645" lon="14.413847"><ele>192.3</ele><time>2025-06-14T08:35:13Z</time></trkpt>
      <trkpt lat="50.075611" lon="14.413837"><ele>192.2</ele><time>2025-06-14T08:35:14Z</time></trkpt>
      <trkpt lat="50.075493" lon="14.413804"><ele>192.0</ele><time>2025-06-14T08:35:16Z</time></trkpt>
      <trkpt lat="50.075402" lon="14.413788"><ele>191.2</ele><time>2025-06-14T08:35:17Z</time></trkpt>
      <trkpt lat="50.075320" lon="14.413782"><ele>190.5</ele><time>2025-06-14T08:35:17Z</time></trkpt>
      <trkpt lat="50.075212" lon="14.413782"><ele>189.6</ele><time>2025-06-14T08:35:19Z</time></trkpt>
      <trkpt lat="50.075121" lon="14.413787"><ele>188.9</ele><time>2025-06-14T08:35:20Z</time></trkpt>
      <trkpt lat="50.075030" lon="14.413792"><ele>188.1</ele><time>2025-06-14T08:35:21Z</time></trkpt>
      <trkpt lat="50.074939" lon="14.413797"><ele>187.3</ele><time>2025-06-14T08:35:22Z</time></trkpt>
      <trkpt lat="50.074847" lon="14.413802"><ele>186.5</ele><time>2025-06-14T08:35:23Z</time></trkpt>
      <trkpt lat="50.074756" lon="14.413807"><ele>185.8</ele><time>2025-06-14T08:35:24Z</time></trkpt>
      <trkpt lat="50.074665" lon="14.413812"><ele>185.0</ele><time>2025-06-14T08:35:25Z</time></trkpt>
      <trkpt lat="50.074574" lon="14.413818"><ele>185.0</ele><time>2025-06-14T08:35:26Z</time></trkpt>
      <trkpt lat="50.074483" lon="14.413823"><ele>185.0</ele><time>2025-06-14T08:35:28Z</time></trkpt>
      <trkpt lat="50.074391" lon="14.413828"><ele>185.0</ele><time>2025-06-14T08:35:30Z</time></trkpt>
      <trkpt lat="50.074300" lon="14.413833"><ele>185.0</ele><time>2025-06-14T08:35:31Z</time></trkpt>
      <trkpt lat="50.074209" lon="14.413838"><ele>185.0</ele><time>2025-06-14T08:35:33Z</time></trkpt>
      <trkpt lat="50.074118" lon="14.413843"><ele>185.0</ele><time>2025-06-14T08:35:34Z</time></trkpt>
      <trkpt lat="50.073976" lon="14.413847"><ele>185.0</ele><time>2025-06-14T08:35:37Z</time></trkpt>
      <trkpt lat="50.073812" lon="14.413851"><ele>185.0</ele><time>2025-06-14T08:35:40Z</time></trkpt>
      <trkpt lat="50.073702" lon="14.413859"><ele>185.0</ele><time>2025-06-14T08:35:42Z</time></trkpt>
      <trkpt lat="50.073593" lon="14.413867"><ele>185.0</ele><time>2025-06-14T08:35:44Z</time></trkpt>
      <trkpt lat="50.073484" lon="14.413875"><ele>185.0</ele><time>2025-06-14T08:35:45Z</time></trkpt>
      <trkpt lat="50.073374" lon="14.413883"><ele>185.0</ele><time>2025-06-14T08:35:47Z</time></trkpt>
      <trkpt lat="50.073338" lon="14.413886"><ele>185.0</ele><time>2025-06-14T08:35:48Z</time></trkpt>
      <trkpt lat="50.073186" lon="14.413897"><ele>185.0</ele><time>2025-06-14T08:35:51Z</time></trkpt>
      <trkpt lat="50.073127" lon="14.413863"><ele>185.0</ele><time>2025-06-14T08:35:52Z</time></trkpt>
      <trkpt lat="50.073092" lon="14.413827"><ele>185.0</ele><time>2025-06-14T08:35:52Z</time></trkpt>
      <trkpt lat="50.073079" lon="14.413809"><ele>185.0</ele><time>2025-06-14T08:35:53Z</time></trkpt>
      <trkpt lat="50.073065" lon="14.413787"><ele>185.0</ele><time>2025-06-14T08:35:53Z</time></trkpt>
      <trkpt lat="50.073045" lon="14.413740"><ele>185.0</ele><time>2025-06-14T08:35:54Z</time></trkpt>
      <trkpt lat="50.073029" lon="14.413652"><ele>185.0</ele><time>2025-06-14T08:35:55Z</time></trkpt>
      <trkpt lat="50.073015" lon="14.413513"><ele>185.0</ele><time>2025-06-14T08:35:56Z</time></trkpt>
      <trkpt lat="50.073002" lon="14.413375"><ele>185.0</ele><time>2025-06-14T08:35:58Z</time></trkpt>
      <trkpt lat="50.072988" lon="14.413236"><ele>185.0</ele><time>2025-06-14T08:35:59Z</time></trkpt>
      <trkpt lat="50.072975" lon="14.413098"><ele>185.0</ele><time>2025-06-14T08:36:01Z</time></trkpt>
      <trkpt lat="50.072961" lon="14.412959"><ele>185.0</ele><time>2025-06-14T08:36:02Z</time></trkpt>
      <trkpt lat="50.072948" lon="14.412820"><ele>185.0</ele><time>2025-06-14T08:36:04Z</time></trkpt>
      <trkpt lat="50.072934" lon="14.412682"><ele>185.0</ele><time>2025-06-14T08:36:05Z</time></trkpt>
      <trkpt lat="50.072921" lon="14.412543"><ele>185.0</ele><time>2025-06-14T08:36:07Z</time></trkpt>
      <trkpt lat="50.072907" lon="14.412405"><ele>185.0</ele><time>2025-06-14T08:36:08Z</time></trkpt>
      <trkpt lat="50.072894" lon="14.412266"><ele>185.0</ele><time>2025-06-14T08:36:10Z</time></trkpt>
      <trkpt lat="50.072880" lon="14.412127"><ele>185.0</ele><time>2025-06-14T08:36:11Z</time></trkpt>
      <trkpt lat="50.072867" lon="14.411989"><ele>185.0</ele><time>2025-06-14T08:36:13Z</time></trkpt>
      <trkpt lat="50.072853" lon="14.411850"><ele>185.0</ele><time>2025-06-14T08:36:14Z</time></trkpt>
      <trkpt lat="50.072840" lon="14.411711"><ele>185.0</ele><time>2025-06-14T08:36:16Z</time></trkpt>
      <trkpt lat="50.072826" lon="14.411573"><ele>185.0</ele><time>2025-06-14T08:36:17Z</time></trkpt>
      <trkpt lat="50.072813" lon="14.411434"><ele>185.0</ele><time>2025-06-14T08:36:19Z</time></trkpt>
      <trkpt lat="50.072799" lon="14.411296"><ele>185.7</ele><time>2025-06-14T08:36:22Z</time></trkpt>
      <trkpt lat="50.072786" lon="14.411157"><ele>186.4</ele><time>2025-06-14T08:36:25Z</time></trkpt>
      <trkpt lat="50.072772" lon="14.411018"><ele>187.2</ele><time>2025-06-14T08:36:28Z</time></trkpt>
      <trkpt lat="50.072759" lon="14.410880"><ele>187.9</ele><time>2025-06-14T08:36:31Z</time></trkpt>
      <trkpt lat="50.072745" lon="14.410741"><ele>188.6</ele><time>2025-06-14T08:36:34Z</time></trkpt>
      <trkpt lat="50.072732" lon="14.410603"><ele>189.3</ele><time>2025-06-14T08:36:37Z</time></trkpt>
      <trkpt lat="50.072718" lon="14.410464"><ele>190.1</ele><time>2025-06-14T08:36:40Z</time></trkpt>
      <trkpt lat="50.072698" lon="14.410250"><ele>191.2</ele><time>2025-06-14T08:36:44Z</time></trkpt>
      <trkpt lat="50.072689" lon="14.410088"><ele>192.0</ele><time>2025-06-14T08:36:48Z</time></trkpt>
      <trkpt lat="50.072681" lon="14.409987"><ele>193.0</ele><time>2025-06-14T08:36:51Z</time></trkpt>
      <trkpt lat="50.072667" lon="14.409846"><ele>194.4</ele><time>2025-06-14T08:36:55Z</time></trkpt>
      <trkpt lat="50.072654" lon="14.409706"><ele>195.7</ele><time>2025-06-14T08:36:59Z</time></trkpt>
      <trkpt lat="50.072640" lon="14.409565"><ele>197.1</ele><time>2025-06-14T08:37:03Z</time></trkpt>
      <trkpt lat="50.072626" lon="14.409425"><ele>198.5</ele><time>2025-06-14T08:37:07Z</time></trkpt>
      <trkpt lat="50.072613" lon="14.409284"><ele>199.9</ele><time>2025-06-14T08:37:11Z</time></trkpt>
      <trkpt lat="50.072599" lon="14.409143"><ele>201.2</ele><time>2025-06-14T08:37:15Z</time></trkpt>
      <trkpt lat="50.072585" lon="14.409003"><ele>202.6</ele><time>2025-06-14T08:37:19Z</time></trkpt>
      <trkpt lat="50.072571" lon="14.408862"><ele>204.0</ele><time>2025-06-14T08:37:23Z</time></trkpt>
      <trkpt lat="50.072558" lon="14.408722"><ele>203.8</ele><time>2025-06-14T08:37:24Z</time></trkpt>
      <trkpt lat="50.072544" lon="14.408581"><ele>203.6</ele><time>2025-06-14T08:37:26Z</time></trkpt>
      <trkpt lat="50.072540" lon="14.408536"><ele>203.5</ele><time>2025-06-14T08:37:26Z</time></trkpt>
      <trkpt lat="50.072537" lon="14.408503"><ele>203.5</ele><time>2025-06-14T08:37:26Z</time></trkpt>
      <trkpt lat="50.072526" lon="14.408357"><ele>203.3</ele><time>2025-06-14T08:37:28Z</time></trkpt>
      <trkpt lat="50.072498" lon="14.408364"><ele>203.2</ele><time>2025-06-14T08:37:28Z</time></trkpt>
      <trkpt lat="50.072473" lon="14.408370"><ele>203.1</ele><time>2025-06-14T08:37:29Z</time></trkpt>
      <trkpt lat="50.072450" lon="14.408375"><ele>203.1</ele><time>2025-06-14T08:37:29Z</time></trkpt>
      <trkpt lat="50.072409" lon="14.408394"><ele>203.0</ele><time>2025-06-14T08:37:30Z</time></trkpt>
      <trkpt lat="50.072385" lon="14.408399"><ele>203.0</ele><time>2025-06-14T08:37:30Z</time></trkpt>
      <trkpt lat="50.072357" lon="14.408404"><ele>203.0</ele><time>2025-06-14T08:37:30Z</time></trkpt>
      <trkpt lat="50.072252" lon="14.408426"><ele>203.0</ele><time>2025-06-14T08:37:32Z</time></trkpt>
      <trkpt lat="50.072146" lon="14.408449"><ele>203.0</ele><time>2025-06-14T08:37:34Z</time></trkpt>
      <trkpt lat="50.072041" lon="14.408471"><ele>203.0</ele><time>2025-06-14T08:37:35Z</time></trkpt>
      <trkpt lat="50.071940" lon="14.408496"><ele>203.0</ele><time>2025-06-14T08:37:37Z</time></trkpt>
      <trkpt lat="50.071848" lon="14.408519"><ele>203.0</ele><time>2025-06-14T08:37:39Z</time></trkpt>
      <trkpt lat="50.071757" lon="14.408542"><ele>203.0</ele><time>2025-06-14T08:37:40Z</time></trkpt>
      <trkpt lat="50.071665" lon="14.408565"><ele>203.0</ele><time>2025-06-14T08:37:41Z</time></trkpt>
      <trkpt lat="50.071573" lon="14.408588"><ele>202.7</ele><time>2025-06-14T08:37:43Z</time></trkpt>
      <trkpt lat="50.071481" lon="14.408611"><ele>202.4</ele><time>2025-06-14T08:37:44Z</time></trkpt>
      <trkpt lat="50.071390" lon="14.408634"><ele>202.0</ele><time>2025-06-14T08:37:45Z</time></trkpt>
      <trkpt lat="50.071298" lon="14.408657"><ele>201.7</ele><time>2025-06-14T08:37:46Z</time></trkpt>
      <trkpt lat="50.071199" lon="14.408682"><ele>201.4</ele><time>2025-06-14T08:37:48Z</time></trkpt>
      <trkpt lat="50.071100" lon="14.408708"><ele>201.0</ele><time>2025-06-14T08:37:49Z</time></trkpt>
      <trkpt lat="50.071001" lon="14.408733"><ele>200.7</ele><time>2025-06-14T08:37:50Z</time></trkpt>
      <trkpt lat="50.070903" lon="14.408758"><ele>200.3</ele><time>2025-06-14T08:37:52Z</time></trkpt>
      <trkpt lat="50.070804" lon="14.408784"><ele>200.0</ele><time>2025-06-14T08:37:53Z</time></trkpt>
      <trkpt lat="50.070705" lon="14.408809"><ele>200.0</ele><time>2025-06-14T08:37:55Z</time></trkpt>
      <trkpt lat="50.070579" lon="14.408843"><ele>200.0</ele><time>2025-06-14T08:37:57Z</time></trkpt>
      <trkpt lat="50.070454" lon="14.408877"><ele>200.0</ele><time>2025-06-14T08:37:59Z</time></trkpt>
      <trkpt lat="50.070333" lon="14.408906"><ele>200.0</ele><time>2025-06-14T08:38:00Z</time></trkpt>
      <trkpt lat="50.070212" lon="14.408935"><ele>200.0</ele><time>2025-06-14T08:38:02Z</time></trkpt>
      <trkpt lat="50.070102" lon="14.408961"><ele>200.0</ele><time>2025-06-14T08:38:04Z</time></trkpt>
      <trkpt lat="50.070062" lon="14.408971"><ele>200.0</ele><time>2025-06-14T08:38:05Z</time></trkpt>
      <trkpt lat="50.070031" lon="14.408979"><ele>200.0</ele><time>2025-06-14T08:38:05Z</time></trkpt>
      <trkpt lat="50.070008" lon="14.408985"><ele>200.0</ele><time>2025-06-14T08:38:06Z</time></trkpt>
      <trkpt lat="50.069962" lon="14.408995"><ele>200.1</ele><time>2025-06-14T08:38:07Z</time></trkpt>
      <trkpt lat="50.069913" lon="14.409006"><ele>200.3</ele><time>2025-06-14T08:38:07Z</time></trkpt>
      <trkpt lat="50.069847" lon="14.409024"><ele>200.4</ele><time>2025-06-14T08:38:09Z</time></trkpt>
      <trkpt lat="50.069754" lon="14.409049"><ele>200.7</ele><time>2025-06-14T08:38:10Z</time></trkpt>
      <trkpt lat="50.069661" lon="14.409074"><ele>201.0</ele><time>2025-06-14T08:38:12Z</time></trkpt>
      <trkpt lat="50.069568" lon="14.409098"><ele>201.2</ele><time>2025-06-14T08:38:14Z</time></trkpt>
      <trkpt lat="50.069475" lon="14.409123"><ele>201.5</ele><time>2025-06-14T08:38:16Z</time></trkpt>
      <trkpt lat="50.069382" lon="14.409148"><ele>201.7</ele><time>2025-06-14T08:38:18Z</time></trkpt>
      <trkpt lat="50.069289" lon="14.409173"><ele>202.0</ele><time>2025-06-14T08:38:19Z</time></trkpt>
      <trkpt lat="50.069196" lon="14.409197"><ele>201.9</ele><time>2025-06-14T08:38:21Z</time></trkpt>
      <trkpt lat="50.069103" lon="14.409222"><ele>201.8</ele><time>2025-06-14T08:38:22Z</time></trkpt>
      <trkpt lat="50.069011" lon="14.409247"><ele>201.7</ele><time>2025-06-14T08:38:23Z</time></trkpt>
      <trkpt lat="50.068918" lon="14.409272"><ele>201.6</ele><time>2025-06-14T08:38:25Z</time></trkpt>
      <trkpt lat="50.068825" lon="14.409297"><ele>201.4</ele><time>2025-06-14T08:38:26Z</time></trkpt>
      <trkpt lat="50.068732" lon="14.409321"><ele>201.3</ele><time>2025-06-14T08:38:28Z</time></trkpt>
      <trkpt lat="50.068639" lon="14.409346"><ele>201.2</ele><time>2025-06-14T08:38:29Z</time></trkpt>
      <trkpt lat="50.068546" lon="14.409371"><ele>201.1</ele><time>2025-06-14T08:38:30Z</time></trkpt>
      <trkpt lat="50.068453" lon="14.409396"><ele>201.0</ele><time>2025-06-14T08:38:32Z</time></trkpt>
      <trkpt lat="50.068360" lon="14.409420"><ele>201.1</ele><time>2025-06-14T08:38:33Z</time></trkpt>
      <trkpt lat="50.068267" lon="14.409445"><ele>201.2</ele><time>2025-06-14T08:38:35Z</time></trkpt>
      <trkpt lat="50.068174" lon="14.409470"><ele>201.3</ele><time>2025-06-14T08:38:37Z</time></trkpt>
      <trkpt lat="50.068048" lon="14.409504"><ele>201.4</ele><time>2025-06-14T08:38:39Z</time></trkpt>
      <trkpt lat="50.067943" lon="14.409529"><ele>201.5</ele><time>2025-06-14T08:38:40Z</time></trkpt>
      <trkpt lat="50.067839" lon="14.409555"><ele>201.7</ele><time>2025-06-14T08:38:42Z</time></trkpt>
      <trkpt lat="50.067734" lon="14.409580"><ele>201.8</ele><time>2025-06-14T08:38:44Z</time></trkpt>
      <trkpt lat="50.067630" lon="14.409606"><ele>201.9</ele><time>2025-06-14T08:38:46Z</time></trkpt>
      <trkpt lat="50.067525" lon="14.409631"><ele>202.0</ele><time>2025-06-14T08:38:48Z</time></trkpt>
      <trkpt lat="50.067477" lon="14.409642"><ele>201.8</ele><time>2025-06-14T08:38:48Z</time></trkpt>
      <trkpt lat="50.067423" lon="14.409655"><ele>201.5</ele><time>2025-06-14T08:38:49Z</time></trkpt>
      <trkpt lat="50.067320" lon="14.409679"><ele>201.0</ele><time>2025-06-14T08:38:50Z</time></trkpt>
      <trkpt lat="50.067217" lon="14.409703"><ele>200.5</ele><time>2025-06-14T08:38:51Z</time></trkpt>
      <trkpt lat="50.067115" lon="14.409727"><ele>200.0</ele><time>2025-06-14T08:38:53Z</time></trkpt>
      <trkpt lat="50.067012" lon="14.409751"><ele>199.5</ele><time>2025-06-14T08:38:54Z</time></trkpt>
      <trkpt lat="50.066899" lon="14.409778"><ele>199.0</ele><time>2025-06-14T08:38:55Z</time></trkpt>
      <trkpt lat="50.066785" lon="14.409805"><ele>198.5</ele><time>2025-06-14T08:38:57Z</time></trkpt>
      <trkpt lat="50.066688" lon="14.409828"><ele>198.0</ele><time>2025-06-14T08:38:58Z</time></trkpt>
      <trkpt lat="50.066591" lon="14.409850"><ele>197.4</ele><time>2025-06-14T08:38:59Z</time></trkpt>
      <trkpt lat="50.066494" lon="14.409873"><ele>196.9</ele><time>2025-06-14T08:39:00Z</time></trkpt>
      <trkpt lat="50.066400" lon="14.409895"><ele>196.3</ele><time>2025-06-14T08:39:02Z</time></trkpt>
      <trkpt lat="50.066305" lon="14.409917"><ele>195.8</ele><time>2025-06-14T08:39:03Z</time></trkpt>
      <trkpt lat="50.066211" lon="14.409939"><ele>195.2</ele><time>2025-06-14T08:39:04Z</time></trkpt>
      <trkpt lat="50.066116" lon="14.409961"><ele>194.7</ele><time>2025-06-14T08:39:05Z</time></trkpt>
      <trkpt lat="50.066022" lon="14.409983"><ele>194.1</ele><time>2025-06-14T08:39:06Z</time></trkpt>
      <trkpt lat="50.065927" lon="14.410007"><ele>193.6</ele><time>2025-06-14T08:39:07Z</time></trkpt>
      <trkpt lat="50.065832" lon="14.410031"><ele>193.0</ele><time>2025-06-14T08:39:08Z</time></trkpt>
      <trkpt lat="50.065740" lon="14.410053"><ele>193.2</ele><time>2025-06-14T08:39:10Z</time></trkpt>
      <trkpt lat="50.065648" lon="14.410076"><ele>193.4</ele><time>2025-06-14T08:39:12Z</time></trkpt>
      <trkpt lat="50.065556" lon="14.410098"><ele>193.6</ele><time>2025-06-14T08:39:14Z</time></trkpt>
      <trkpt lat="50.065465" lon="14.410121"><ele>193.8</ele><time>2025-06-14T08:39:15Z</time></trkpt>
      <trkpt lat="50.065373" lon="14.410143"><ele>194.0</ele><time>2025-06-14T08:39:17Z</time></trkpt>
      <trkpt lat="50.065281" lon="14.410166"><ele>194.3</ele><time>2025-06-14T08:39:19Z</time></trkpt>
      <trkpt lat="50.065189" lon="14.410188"><ele>194.5</ele><time>2025-06-14T08:39:21Z</time></trkpt>
      <trkpt lat="50.065071" lon="14.410217"><ele>194.7</ele><time>2025-06-14T08:39:23Z</time></trkpt>
      <trkpt lat="50.064953" lon="14.410246"><ele>195.0</ele><time>2025-06-14T08:39:25Z</time></trkpt>
      <trkpt lat="50.064857" lon="14.410270"><ele>195.4</ele><time>2025-06-14T08:39:27Z</time></trkpt>
      <trkpt lat="50.064760" lon="14.410294"><ele>195.9</ele><time>2025-06-14T08:39:29Z</time></trkpt>
      <trkpt lat="50.064664" lon="14.410318"><ele>196.3</ele><time>2025-06-14T08:39:32Z</time></trkpt>
      <trkpt lat="50.064567" lon="14.410342"><ele>196.8</ele><time>2025-06-14T08:39:34Z</time></trkpt>
      <trkpt lat="50.064470" lon="14.410367"><ele>197.2</ele><time>2025-06-14T08:39:36Z</time></trkpt>
      <trkpt lat="50.064374" lon="14.410391"><ele>197.7</ele><time>2025-06-14T08:39:38Z</time></trkpt>
      <trkpt lat="50.064278" lon="14.410415"><ele>198.1</ele><time>2025-06-14T08:39:41Z</time></trkpt>
      <trkpt lat="50.064181" lon="14.410439"><ele>198.6</ele><time>2025-06-14T08:39:43Z</time></trkpt>
      <trkpt lat="50.064084" lon="14.410463"><ele>199.0</ele><time>2025-06-14T08:39:45Z</time></trkpt>
      <trkpt lat="50.063988" lon="14.410487"><ele>198.9</ele><time>2025-06-14T08:39:47Z</time></trkpt>
      <trkpt lat="50.063899" lon="14.410510"><ele>198.8</ele><time>2025-06-14T08:39:48Z</time></trkpt>
      <trkpt lat="50.063809" lon="14.410532"><ele>198.7</ele><time>2025-06-14T08:39:49Z</time></trkpt>
      <trkpt lat="50.063720" lon="14.410555"><ele>198.6</ele><time>2025-06-14T08:39:51Z</time></trkpt>
      <trkpt lat="50.063630" lon="14.410578"><ele>198.5</ele><time>2025-06-14T08:39:52Z</time></trkpt>
      <trkpt lat="50.063509" lon="14.410607"><ele>198.4</ele><time>2025-06-14T08:39:54Z</time></trkpt>
      <trkpt lat="50.063388" lon="14.410637"><ele>198.3</ele><time>2025-06-14T08:39:56Z</time></trkpt>
      <trkpt lat="50.063255" lon="14.410671"><ele>198.1</ele><time>2025-06-14T08:39:58Z</time></trkpt>
      <trkpt lat="50.063123" lon="14.410704"><ele>198.0</ele><time>2025-06-14T08:40:00Z</time></trkpt>
      <trkpt lat="50.063097" lon="14.410710"><ele>197.9</ele><time>2025-06-14T08:40:01Z</time></trkpt>
      <trkpt lat="50.063070" lon="14.410717"><ele>197.8</ele><time>2025-06-14T08:40:01Z</time></trkpt>
      <trkpt lat="50.062964" lon="14.410738"><ele>197.4</ele><time>2025-06-14T08:40:02Z</time></trkpt>
      <trkpt lat="50.062868" lon="14.410760"><ele>197.0</ele><time>2025-06-14T08:40:04Z</time></trkpt>
      <trkpt lat="50.062772" lon="14.410782"><ele>196.6</ele><time>2025-06-14T08:40:05Z</time></trkpt>
      <trkpt lat="50.062676" lon="14.410804"><ele>196.3</ele><time>2025-06-14T08:40:06Z</time></trkpt>
      <trkpt lat="50.062580" lon="14.410826"><ele>195.9</ele><time>2025-06-14T08:40:08Z</time></trkpt>
      <trkpt lat="50.062465" lon="14.410854"><ele>195.4</ele><time>2025-06-14T08:40:09Z</time></trkpt>
      <trkpt lat="50.062349" lon="14.410882"><ele>195.0</ele><time>2025-06-14T08:40:11Z</time></trkpt>
      <trkpt lat="50.062234" lon="14.410910"><ele>196.4</ele><time>2025-06-14T08:40:16Z</time></trkpt>
      <trkpt lat="50.062129" lon="14.410932"><ele>197.6</ele><time>2025-06-14T08:40:21Z</time></trkpt>
      <trkpt lat="50.062025" lon="14.410954"><ele>198.8</ele><time>2025-06-14T08:40:25Z</time></trkpt>
      <trkpt lat="50.061920" lon="14.410976"><ele>200.0</ele><time>2025-06-14T08:40:30Z</time></trkpt>
      <trkpt lat="50.061816" lon="14.411000"><ele>201.2</ele><time>2025-06-14T08:40:35Z</time></trkpt>
      <trkpt lat="50.061711" lon="14.411023"><ele>202.5</ele><time>2025-06-14T08:40:40Z</time></trkpt>
      <trkpt lat="50.061607" lon="14.411047"><ele>203.7</ele><time>2025-06-14T08:40:44Z</time></trkpt>
      <trkpt lat="50.061508" lon="14.411066"><ele>204.8</ele><time>2025-06-14T08:40:49Z</time></trkpt>
      <trkpt lat="50.061408" lon="14.411085"><ele>206.0</ele><time>2025-06-14T08:40:53Z</time></trkpt>
      <trkpt lat="50.061273" lon="14.411103"><ele>204.5</ele><time>2025-06-14T08:40:55Z</time></trkpt>
      <trkpt lat="50.061178" lon="14.411111"><ele>203.5</ele><time>2025-06-14T08:40:55Z</time></trkpt>
      <trkpt lat="50.061088" lon="14.411116"><ele>202.6</ele><time>2025-06-14T08:40:56Z</time></trkpt>
      <trkpt lat="50.060978" lon="14.411121"><ele>201.4</ele><time>2025-06-14T08:40:57Z</time></trkpt>
      <trkpt lat="50.060880" lon="14.411115"><ele>200.3</ele><time>2025-06-14T08:40:58Z</time></trkpt>
      <trkpt lat="50.060783" lon="14.411110"><ele>199.3</ele><time>2025-06-14T08:40:59Z</time></trkpt>
      <trkpt lat="50.060685" lon="14.411104"><ele>198.2</ele><time>2025-06-14T08:41:00Z</time></trkpt>
      <trkpt lat="50.060581" lon="14.411094"><ele>197.1</ele><time>2025-06-14T08:41:02Z</time></trkpt>
      <trkpt lat="50.060477" lon="14.411085"><ele>196.0</ele><time>2025-06-14T08:41:03Z</time></trkpt>
      <trkpt lat="50.060373" lon="14.411075"><ele>196.2</ele><time>2025-06-14T08:41:05Z</time></trkpt>
      <trkpt lat="50.060332" lon="14.411072"><ele>196.3</ele><time>2025-06-14T08:41:06Z</time></trkpt>
      <trkpt lat="50.060169" lon="14.411054"><ele>196.7</ele><time>2025-06-14T08:41:09Z</time></trkpt>
      <trkpt lat="50.060074" lon="14.411045"><ele>196.9</ele><time>2025-06-14T08:41:11Z</time></trkpt>
      <trkpt lat="50.059980" lon="14.411036"><ele>197.1</ele><time>2025-06-14T08:41:13Z</time></trkpt>
      <trkpt lat="50.059885" lon="14.411027"><ele>197.4</ele><time>2025-06-14T08:41:15Z</time></trkpt>
      <trkpt lat="50.059791" lon="14.411018"><ele>197.6</ele><time>2025-06-14T08:41:17Z</time></trkpt>
      <trkpt lat="50.059696" lon="14.411009"><ele>197.8</ele><time>2025-06-14T08:41:19Z</time></trkpt>
      <trkpt lat="50.059601" lon="14.411001"><ele>198.0</ele><time>2025-06-14T08:41:21Z</time></trkpt>
      <trkpt lat="50.059507" lon="14.410992"><ele>197.7</ele><time>2025-06-14T08:41:22Z</time></trkpt>
      <trkpt lat="50.059412" lon="14.410983"><ele>197.3</ele><time>2025-06-14T08:41:23Z</time></trkpt>
      <trkpt lat="50.059318" lon="14.410974"><ele>197.0</ele><time>2025-06-14T08:41:25Z</time></trkpt>
      <trkpt lat="50.059223" lon="14.410965"><ele>196.6</ele><time>2025-06-14T08:41:26Z</time></trkpt>
      <trkpt lat="50.059132" lon="14.410954"><ele>196.3</ele><time>2025-06-14T08:41:27Z</time></trkpt>
      <trkpt lat="50.059041" lon="14.410944"><ele>196.0</ele><time>2025-06-14T08:41:29Z</time></trkpt>
      <trkpt lat="50.058950" lon="14.410933"><ele>195.7</ele><time>2025-06-14T08:41:30Z</time></trkpt>
      <trkpt lat="50.058859" lon="14.410923"><ele>195.3</ele><time>2025-06-14T08:41:31Z</time></trkpt>
      <trkpt lat="50.058768" lon="14.410912"><ele>195.0</ele><time>2025-06-14T08:41:33Z</time></trkpt>
      <trkpt lat="50.058677" lon="14.410902"><ele>194.9</ele><time>2025-06-14T08:41:34Z</time></trkpt>
      <trkpt lat="50.058586" lon="14.410891"><ele>194.8</ele><time>2025-06-14T08:41:36Z</time></trkpt>
      <trkpt lat="50.058495" lon="14.410880"><ele>194.7</ele><time>2025-06-14T08:41:37Z</time></trkpt>
      <trkpt lat="50.058404" lon="14.410870"><ele>194.6</ele><time>2025-06-14T08:41:39Z</time></trkpt>
      <trkpt lat="50.058313" lon="14.410859"><ele>194.4</ele><time>2025-06-14T08:41:40Z</time></trkpt>
      <trkpt lat="50.058222" lon="14.410849"><ele>194.3</ele><time>2025-06-14T08:41:42Z</time></trkpt>
      <trkpt lat="50.058131" lon="14.410838"><ele>194.2</ele><time>2025-06-14T08:41:43Z</time></trkpt>
      <trkpt lat="50.058040" lon="14.410828"><ele>194.1</ele><time>2025-06-14T08:41:45Z</time></trkpt>
      <trkpt lat="50.057949" lon="14.410817"><ele>194.0</ele><time>2025-06-14T08:41:46Z</time></trkpt>
      <trkpt lat="50.057845" lon="14.410800"><ele>194.0</ele><time>2025-06-14T08:41:48Z</time></trkpt>
      <trkpt lat="50.057741" lon="14.410783"><ele>194.0</ele><time>2025-06-14T08:41:50Z</time></trkpt>
      <trkpt lat="50.057637" lon="14.410766"><ele>194.0</ele><time>2025-06-14T08:41:52Z</time></trkpt>
      <trkpt lat="50.057533" lon="14.410749"><ele>194.0</ele><time>2025-06-14T08:41:53Z</time></trkpt>
      <trkpt lat="50.057437" lon="14.410732"><ele>194.0</ele><time>2025-06-14T08:41:55Z</time></trkpt>
      <trkpt lat="50.057340" lon="14.410715"><ele>194.0</ele><time>2025-06-14T08:41:57Z</time></trkpt>
      <trkpt lat="50.057244" lon="14.410698"><ele>194.0</ele><time>2025-06-14T08:41:59Z</time></trkpt>
      <trkpt lat="50.057148" lon="14.410682"><ele>194.0</ele><time>2025-06-14T08:42:00Z</time></trkpt>
      <trkpt lat="50.057051" lon="14.410665"><ele>194.0</ele><time>2025-06-14T08:42:02Z</time></trkpt>
      <trkpt lat="50.056955" lon="14.410648"><ele>193.9</ele><time>2025-06-14T08:42:04Z</time></trkpt>
      <trkpt lat="50.056861" lon="14.410629"><ele>193.8</ele><time>2025-06-14T08:42:05Z</time></trkpt>
      <trkpt lat="50.056766" lon="14.410610"><ele>193.7</ele><time>2025-06-14T08:42:07Z</time></trkpt>
      <trkpt lat="50.056672" lon="14.410591"><ele>193.6</ele><time>2025-06-14T08:42:08Z</time></trkpt>
      <trkpt lat="50.056578" lon="14.410572"><ele>193.4</ele><time>2025-06-14T08:42:10Z</time></trkpt>
      <trkpt lat="50.056484" lon="14.410553"><ele>193.3</ele><time>2025-06-14T08:42:12Z</time></trkpt>
      <trkpt lat="50.056389" lon="14.410534"><ele>193.2</ele><time>2025-06-14T08:42:13Z</time></trkpt>
      <trkpt lat="50.056295" lon="14.410515"><ele>193.1</ele><time>2025-06-14T08:42:15Z</time></trkpt>
      <trkpt lat="50.056201" lon="14.410496"><ele>193.0</ele><time>2025-06-14T08:42:16Z</time></trkpt>
      <trkpt lat="50.056106" lon="14.410477"><ele>193.2</ele><time>2025-06-14T08:42:18Z</time></trkpt>
      <trkpt lat="50.056012" lon="14.410458"><ele>193.4</ele><time>2025-06-14T08:42:20Z</time></trkpt>
      <trkpt lat="50.055918" lon="14.410439"><ele>193.7</ele><time>2025-06-14T08:42:22Z</time></trkpt>
      <trkpt lat="50.055823" lon="14.410420"><ele>193.9</ele><time>2025-06-14T08:42:24Z</time></trkpt>
      <trkpt lat="50.055729" lon="14.410401"><ele>194.1</ele><time>2025-06-14T08:42:26Z</time></trkpt>
      <trkpt lat="50.055635" lon="14.410382"><ele>194.3</ele><time>2025-06-14T08:42:28Z</time></trkpt>
      <trkpt lat="50.055541" lon="14.410363"><ele>194.6</ele><time>2025-06-14T08:42:30Z</time></trkpt>
      <trkpt lat="50.055446" lon="14.410344"><ele>194.8</ele><time>2025-06-14T08:42:32Z</time></trkpt>
      <trkpt lat="50.055352" lon="14.410325"><ele>195.0</ele><time>2025-06-14T08:42:34Z</time></trkpt>
      <trkpt lat="50.055255" lon="14.410310"><ele>195.1</ele><time>2025-06-14T08:42:36Z</time></trkpt>
      <trkpt lat="50.055157" lon="14.410295"><ele>195.2</ele><time>2025-06-14T08:42:38Z</time></trkpt>
      <trkpt lat="50.055052" lon="14.410286"><ele>195.3</ele><time>2025-06-14T08:42:40Z</time></trkpt>
      <trkpt lat="50.054947" lon="14.410276"><ele>195.4</ele><time>2025-06-14T08:42:42Z</time></trkpt>
      <trkpt lat="50.054792" lon="14.410265"><ele>195.6</ele><time>2025-06-14T08:42:45Z</time></trkpt>
      <trkpt lat="50.054671" lon="14.410268"><ele>195.7</ele><time>2025-06-14T08:42:47Z</time></trkpt>
      <trkpt lat="50.054552" lon="14.410271"><ele>195.8</ele><time>2025-06-14T08:42:49Z</time></trkpt>
      <trkpt lat="50.054457" lon="14.410278"><ele>195.9</ele><time>2025-06-14T08:42:51Z</time></trkpt>
      <trkpt lat="50.054362" lon="14.410284"><ele>196.0</ele><time>2025-06-14T08:42:53Z</time></trkpt>
      <trkpt lat="50.054268" lon="14.410291"><ele>196.0</ele><time>2025-06-14T08:42:55Z</time></trkpt>
      <trkpt lat="50.054173" lon="14.410298"><ele>196.0</ele><time>2025-06-14T08:42:56Z</time></trkpt>
      <trkpt lat="50.054078" lon="14.410309"><ele>196.0</ele><time>2025-06-14T08:42:58Z</time></trkpt>
      <trkpt lat="50.053983" lon="14.410320"><ele>196.0</ele><time>2025-06-14T08:42:59Z</time></trkpt>
      <trkpt lat="50.053888" lon="14.410332"><ele>196.0</ele><time>2025-06-14T08:43:01Z</time></trkpt>
      <trkpt lat="50.053793" lon="14.410343"><ele>196.0</ele><time>2025-06-14T08:43:03Z</time></trkpt>
      <trkpt lat="50.053642" lon="14.410357"><ele>196.0</ele><time>2025-06-14T08:43:05Z</time></trkpt>
      <trkpt lat="50.053615" lon="14.410360"><ele>196.0</ele><time>2025-06-14T08:43:06Z</time></trkpt>
      <trkpt lat="50.053588" lon="14.410363"><ele>196.0</ele><time>2025-06-14T08:43:06Z</time></trkpt>
      <trkpt lat="50.053463" lon="14.410375"><ele>196.1</ele><time>2025-06-14T08:43:09Z</time></trkpt>
      <trkpt lat="50.053367" lon="14.410384"><ele>196.2</ele><time>2025-06-14T08:43:10Z</time></trkpt>
      <trkpt lat="50.053271" lon="14.410394"><ele>196.3</ele><time>2025-06-14T08:43:12Z</time></trkpt>
      <trkpt lat="50.053176" lon="14.410403"><ele>196.4</ele><time>2025-06-14T08:43:14Z</time></trkpt>
      <trkpt lat="50.053080" lon="14.410413"><ele>196.5</ele><time>2025-06-14T08:43:16Z</time></trkpt>
      <trkpt lat="50.052984" lon="14.410422"><ele>196.6</ele><time>2025-06-14T08:43:18Z</time></trkpt>
      <trkpt lat="50.052823" lon="14.410445"><ele>196.8</ele><time>2025-06-14T08:43:21Z</time></trkpt>
      <trkpt lat="50.052678" lon="14.410473"><ele>196.9</ele><time>2025-06-14T08:43:23Z</time></trkpt>
      <trkpt lat="50.052596" lon="14.410494"><ele>197.0</ele><time>2025-06-14T08:43:25Z</time></trkpt>
      <trkpt lat="50.052501" lon="14.410511"><ele>196.9</ele><time>2025-06-14T08:43:26Z</time></trkpt>
      <trkpt lat="50.052406" lon="14.410529"><ele>196.8</ele><time>2025-06-14T08:43:28Z</time></trkpt>
      <trkpt lat="50.052312" lon="14.410546"><ele>196.7</ele><time>2025-06-14T08:43:29Z</time></trkpt>
      <trkpt lat="50.052217" lon="14.410564"><ele>196.6</ele><time>2025-06-14T08:43:31Z</time></trkpt>
      <trkpt lat="50.052122" lon="14.410581"><ele>196.5</ele><time>2025-06-14T08:43:32Z</time></trkpt>
      <trkpt lat="50.052000" lon="14.410583"><ele>196.3</ele><time>2025-06-14T08:43:34Z</time></trkpt>
      <trkpt lat="50.051910" lon="14.410584"><ele>196.2</ele><time>2025-06-14T08:43:36Z</time></trkpt>
      <trkpt lat="50.051820" lon="14.410585"><ele>196.1</ele><time>2025-06-14T08:43:37Z</time></trkpt>
      <trkpt lat="50.051730" lon="14.410586"><ele>196.0</ele><time>2025-06-14T08:43:38Z</time></trkpt>
      <trkpt lat="50.051637" lon="14.410577"><ele>196.0</ele><time>2025-06-14T08:43:40Z</time></trkpt>
      <trkpt lat="50.051544" lon="14.410569"><ele>196.0</ele><time>2025-06-14T08:43:42Z</time></trkpt>
      <trkpt lat="50.051450" lon="14.410560"><ele>196.0</ele><time>2025-06-14T08:43:43Z</time></trkpt>
      <trkpt lat="50.051357" lon="14.410551"><ele>196.0</ele><time>2025-06-14T08:43:45Z</time></trkpt>
      <trkpt lat="50.051267" lon="14.410557"><ele>196.0</ele><time>2025-06-14T08:43:46Z</time></trkpt>
      <trkpt lat="50.051177" lon="14.410564"><ele>196.0</ele><time>2025-06-14T08:43:48Z</time></trkpt>
      <trkpt lat="50.051086" lon="14.410570"><ele>196.0</ele><time>2025-06-14T08:43:49Z</time></trkpt>
      <trkpt lat="50.050996" lon="14.410576"><ele>196.0</ele><time>2025-06-14T08:43:51Z</time></trkpt>
      <trkpt lat="50.050906" lon="14.410583"><ele>196.0</ele><time>2025-06-14T08:43:52Z</time></trkpt>
      <trkpt lat="50.050816" lon="14.410589"><ele>196.0</ele><time>2025-06-14T08:43:54Z</time></trkpt>
      <trkpt lat="50.050724" lon="14.410585"><ele>196.0</ele><time>2025-06-14T08:43:55Z</time></trkpt>
      <trkpt lat="50.050632" lon="14.410581"><ele>196.0</ele><time>2025-06-14T08:43:57Z</time></trkpt>
      <trkpt lat="50.050540" lon="14.410578"><ele>196.0</ele><time>2025-06-14T08:43:58Z</time></trkpt>
      <trkpt lat="50.050448" lon="14.410574"><ele>196.0</ele><time>2025-06-14T08:44:00Z</time></trkpt>
      <trkpt lat="50.050356" lon="14.410570"><ele>196.0</ele><time>2025-06-14T08:44:01Z</time></trkpt>
      <trkpt lat="50.050296" lon="14.410566"><ele>196.0</ele><time>2025-06-14T08:44:02Z</time></trkpt>
      <trkpt lat="50.050270" lon="14.410565"><ele>196.0</ele><time>2025-06-14T08:44:03Z</time></trkpt>
      <trkpt lat="50.050233" lon="14.410563"><ele>196.0</ele><time>2025-06-14T08:44:03Z</time></trkpt>
      <trkpt lat="50.050216" lon="14.410562"><ele>196.0</ele><time>2025-06-14T08:44:04Z</time></trkpt>
      <trkpt lat="50.050074" lon="14.410542"><ele>196.2</ele><time>2025-06-14T08:44:06Z</time></trkpt>
      <trkpt lat="50.049907" lon="14.410522"><ele>196.3</ele><time>2025-06-14T08:44:09Z</time></trkpt>
      <trkpt lat="50.049814" lon="14.410512"><ele>196.4</ele><time>2025-06-14T08:44:11Z</time></trkpt>
      <trkpt lat="50.049722" lon="14.410501"><ele>196.5</ele><time>2025-06-14T08:44:12Z</time></trkpt>
      <trkpt lat="50.049629" lon="14.410491"><ele>196.6</ele><time>2025-06-14T08:44:14Z</time></trkpt>
      <trkpt lat="50.049504" lon="14.410468"><ele>196.7</ele><time>2025-06-14T08:44:16Z</time></trkpt>
      <trkpt lat="50.049365" lon="14.410419"><ele>196.9</ele><time>2025-06-14T08:44:19Z</time></trkpt>
      <trkpt lat="50.049216" lon="14.410398"><ele>197.0</ele><time>2025-06-14T08:44:21Z</time></trkpt>
      <trkpt lat="50.049204" lon="14.410403"><ele>197.0</ele><time>2025-06-14T08:44:21Z</time></trkpt>
      <trkpt lat="50.049194" lon="14.410414"><ele>197.0</ele><time>2025-06-14T08:44:22Z</time></trkpt>
      <trkpt lat="50.049187" lon="14.410431"><ele>197.0</ele><time>2025-06-14T08:44:22Z</time></trkpt>
      <trkpt lat="50.049184" lon="14.410451"><ele>197.0</ele><time>2025-06-14T08:44:22Z</time></trkpt>
      <trkpt lat="50.049187" lon="14.410471"><ele>197.0</ele><time>2025-06-14T08:44:22Z</time></trkpt>
      <trkpt lat="50.049194" lon="14.410488"><ele>197.0</ele><time>2025-06-14T08:44:22Z</time></trkpt>
      <trkpt lat="50.049206" lon="14.410499"><ele>197.0</ele><time>2025-06-14T08:44:23Z</time></trkpt>
      <trkpt lat="50.049313" lon="14.410602"><ele>197.0</ele><time>2025-06-14T08:44:25Z</time></trkpt>
      <trkpt lat="50.049403" lon="14.410618"><ele>197.0</ele><time>2025-06-14T08:44:26Z</time></trkpt>
      <trkpt lat="50.049494" lon="14.410635"><ele>196.8</ele><time>2025-06-14T08:44:27Z</time></trkpt>
      <trkpt lat="50.049584" lon="14.410651"><ele>196.6</ele><time>2025-06-14T08:44:29Z</time></trkpt>
      <trkpt lat="50.049558" lon="14.410724"><ele>196.5</ele><time>2025-06-14T08:44:29Z</time></trkpt>
      <trkpt lat="50.049426" lon="14.410752"><ele>196.2</ele><time>2025-06-14T08:44:31Z</time></trkpt>
      <trkpt lat="50.049299" lon="14.410755"><ele>195.9</ele><time>2025-06-14T08:44:33Z</time></trkpt>
      <trkpt lat="50.049205" lon="14.410750"><ele>195.6</ele><time>2025-06-14T08:44:34Z</time></trkpt>
      <trkpt lat="50.049112" lon="14.410745"><ele>195.4</ele><time>2025-06-14T08:44:36Z</time></trkpt>
      <trkpt lat="50.049018" lon="14.410740"><ele>195.2</ele><time>2025-06-14T08:44:37Z</time></trkpt>
      <trkpt lat="50.048925" lon="14.410735"><ele>195.0</ele><time>2025-06-14T08:44:38Z</time></trkpt>
      <trkpt lat="50.048823" lon="14.410715"><ele>194.7</ele><time>2025-06-14T08:44:40Z</time></trkpt>
      <trkpt lat="50.048722" lon="14.410694"><ele>194.3</ele><time>2025-06-14T08:44:41Z</time></trkpt>
      <trkpt lat="50.048564" lon="14.410733"><ele>193.8</ele><time>2025-06-14T08:44:43Z</time></trkpt>
      <trkpt lat="50.048472" lon="14.410700"><ele>193.5</ele><time>2025-06-14T08:44:44Z</time></trkpt>
      <trkpt lat="50.048380" lon="14.410668"><ele>193.2</ele><time>2025-06-14T08:44:46Z</time></trkpt>
      <trkpt lat="50.048288" lon="14.410635"><ele>192.9</ele><time>2025-06-14T08:44:47Z</time></trkpt>
      <trkpt lat="50.048196" lon="14.410602"><ele>192.6</ele><time>2025-06-14T08:44:48Z</time></trkpt>
      <trkpt lat="50.048104" lon="14.410570"><ele>192.3</ele><time>2025-06-14T08:44:49Z</time></trkpt>
      <trkpt lat="50.048012" lon="14.410537"><ele>192.0</ele><time>2025-06-14T08:44:51Z</time></trkpt>
      <trkpt lat="50.047920" lon="14.410505"><ele>192.0</ele><time>2025-06-14T08:44:52Z</time></trkpt>
      <trkpt lat="50.047828" lon="14.410472"><ele>192.0</ele><time>2025-06-14T08:44:54Z</time></trkpt>
      <trkpt lat="50.047737" lon="14.410439"><ele>192.0</ele><time>2025-06-14T08:44:55Z</time></trkpt>
      <trkpt lat="50.047645" lon="14.410407"><ele>192.0</ele><time>2025-06-14T08:44:57Z</time></trkpt>
      <trkpt lat="50.047553" lon="14.410374"><ele>192.0</ele><time>2025-06-14T08:44:58Z</time></trkpt>
      <trkpt lat="50.047461" lon="14.410342"><ele>192.0</ele><time>2025-06-14T08:45:00Z</time></trkpt>
      <trkpt lat="50.047369" lon="14.410309"><ele>192.0</ele><time>2025-06-14T08:45:01Z</time></trkpt>
      <trkpt lat="50.047277" lon="14.410276"><ele>192.0</ele><time>2025-06-14T08:45:02Z</time></trkpt>
      <trkpt lat="50.047185" lon="14.410244"><ele>192.0</ele><time>2025-06-14T08:45:04Z</time></trkpt>
      <trkpt lat="50.047093" lon="14.410211"><ele>193.1</ele><time>2025-06-14T08:45:08Z</time></trkpt>
      <trkpt lat="50.046987" lon="14.410170"><ele>194.3</ele><time>2025-06-14T08:45:13Z</time></trkpt>
      <trkpt lat="50.046882" lon="14.410130"><ele>195.5</ele><time>2025-06-14T08:45:18Z</time></trkpt>
      <trkpt lat="50.046776" lon="14.410089"><ele>196.8</ele><time>2025-06-14T08:45:23Z</time></trkpt>
      <trkpt lat="50.046687" lon="14.410052"><ele>197.8</ele><time>2025-06-14T08:45:27Z</time></trkpt>
      <trkpt lat="50.046599" lon="14.410014"><ele>198.9</ele><time>2025-06-14T08:45:31Z</time></trkpt>
      <trkpt lat="50.046510" lon="14.409977"><ele>199.9</ele><time>2025-06-14T08:45:35Z</time></trkpt>
      <trkpt lat="50.046421" lon="14.409939"><ele>201.0</ele><time>2025-06-14T08:45:39Z</time></trkpt>
      <trkpt lat="50.046333" lon="14.409902"><ele>202.0</ele><time>2025-06-14T08:45:43Z</time></trkpt>
      <trkpt lat="50.046244" lon="14.409865"><ele>201.4</ele><time>2025-06-14T08:45:44Z</time></trkpt>
      <trkpt lat="50.046155" lon="14.409827"><ele>200.9</ele><time>2025-06-14T08:45:45Z</time></trkpt>
      <trkpt lat="50.046067" lon="14.409790"><ele>200.3</ele><time>2025-06-14T08:45:46Z</time></trkpt>
      <trkpt lat="50.045978" lon="14.409752"><ele>199.8</ele><time>2025-06-14T08:45:47Z</time></trkpt>
      <trkpt lat="50.045889" lon="14.409715"><ele>199.2</ele><time>2025-06-14T08:45:48Z</time></trkpt>
      <trkpt lat="50.045801" lon="14.409678"><ele>198.7</ele><time>2025-06-14T08:45:49Z</time></trkpt>
      <trkpt lat="50.045712" lon="14.409640"><ele>198.1</ele><time>2025-06-14T08:45:51Z</time></trkpt>
      <trkpt lat="50.045624" lon="14.409603"><ele>197.6</ele><time>2025-06-14T08:45:52Z</time></trkpt>
      <trkpt lat="50.045535" lon="14.409566"><ele>197.0</ele><time>2025-06-14T08:45:53Z</time></trkpt>
      <trkpt lat="50.045446" lon="14.409528"><ele>196.8</ele><time>2025-06-14T08:45:54Z</time></trkpt>
      <trkpt lat="50.045358" lon="14.409491"><ele>196.6</ele><time>2025-06-14T08:45:55Z</time></trkpt>
      <trkpt lat="50.045269" lon="14.409453"><ele>196.3</ele><time>2025-06-14T08:45:56Z</time></trkpt>
      <trkpt lat="50.045180" lon="14.409416"><ele>196.1</ele><time>2025-06-14T08:45:58Z</time></trkpt>
      <trkpt lat="50.045092" lon="14.409379"><ele>195.9</ele><time>2025-06-14T08:45:59Z</time></trkpt>
      <trkpt lat="50.045003" lon="14.409341"><ele>195.7</ele><time>2025-06-14T08:46:00Z</time></trkpt>
      <trkpt lat="50.044914" lon="14.409304"><ele>195.4</ele><time>2025-06-14T08:46:02Z</time></trkpt>
      <trkpt lat="50.044826" lon="14.409266"><ele>195.2</ele><time>2025-06-14T08:46:03Z</time></trkpt>
      <trkpt lat="50.044737" lon="14.409229"><ele>195.0</ele><time>2025-06-14T08:46:04Z</time></trkpt>
      <trkpt lat="50.044621" lon="14.409172"><ele>194.6</ele><time>2025-06-14T08:46:06Z</time></trkpt>
      <trkpt lat="50.044506" lon="14.409115"><ele>194.2</ele><time>2025-06-14T08:46:07Z</time></trkpt>
      <trkpt lat="50.044415" lon="14.409073"><ele>193.9</ele><time>2025-06-14T08:46:09Z</time></trkpt>
      <trkpt lat="50.044324" lon="14.409030"><ele>193.6</ele><time>2025-06-14T08:46:10Z</time></trkpt>
      <trkpt lat="50.044233" lon="14.408988"><ele>193.3</ele><time>2025-06-14T08:46:11Z</time></trkpt>
      <trkpt lat="50.044142" lon="14.408945"><ele>192.9</ele><time>2025-06-14T08:46:12Z</time></trkpt>
      <trkpt lat="50.044051" lon="14.408903"><ele>192.6</ele><time>2025-06-14T08:46:14Z</time></trkpt>
      <trkpt lat="50.043960" lon="14.408861"><ele>192.3</ele><time>2025-06-14T08:46:15Z</time></trkpt>
      <trkpt lat="50.043869" lon="14.408818"><ele>192.0</ele><time>2025-06-14T08:46:16Z</time></trkpt>
      <trkpt lat="50.043779" lon="14.408776"><ele>192.6</ele><time>2025-06-14T08:46:18Z</time></trkpt>
      <trkpt lat="50.043688" lon="14.408733"><ele>193.1</ele><time>2025-06-14T08:46:21Z</time></trkpt>
      <trkpt lat="50.043597" lon="14.408691"><ele>193.7</ele><time>2025-06-14T08:46:23Z</time></trkpt>
      <trkpt lat="50.043506" lon="14.408649"><ele>194.2</ele><time>2025-06-14T08:46:25Z</time></trkpt>
      <trkpt lat="50.043415" lon="14.408606"><ele>194.8</ele><time>2025-06-14T08:46:28Z</time></trkpt>
      <trkpt lat="50.043324" lon="14.408564"><ele>195.3</ele><time>2025-06-14T08:46:30Z</time></trkpt>
      <trkpt lat="50.043233" lon="14.408521"><ele>195.9</ele><time>2025-06-14T08:46:32Z</time></trkpt>
      <trkpt lat="50.043142" lon="14.408479"><ele>196.4</ele><time>2025-06-14T08:46:35Z</time></trkpt>
      <trkpt lat="50.043046" lon="14.408434"><ele>197.0</ele><time>2025-06-14T08:46:37Z</time></trkpt>
      <trkpt lat="50.042950" lon="14.408388"><ele>196.8</ele><time>2025-06-14T08:46:39Z</time></trkpt>
      <trkpt lat="50.042854" lon="14.408343"><ele>196.5</ele><time>2025-06-14T08:46:40Z</time></trkpt>
      <trkpt lat="50.042758" lon="14.408297"><ele>196.3</ele><time>2025-06-14T08:46:42Z</time></trkpt>
      <trkpt lat="50.042662" lon="14.408252"><ele>196.1</ele><time>2025-06-14T08:46:43Z</time></trkpt>
      <trkpt lat="50.042567" lon="14.408205"><ele>195.8</ele><time>2025-06-14T08:46:44Z</time></trkpt>
      <trkpt lat="50.042444" lon="14.408138"><ele>195.6</ele><time>2025-06-14T08:46:46Z</time></trkpt>
      <trkpt lat="50.042357" lon="14.408087"><ele>195.3</ele><time>2025-06-14T08:46:48Z</time></trkpt>
      <trkpt lat="50.042270" lon="14.408036"><ele>195.1</ele><time>2025-06-14T08:46:49Z</time></trkpt>
      <trkpt lat="50.042220" lon="14.408005"><ele>195.0</ele><time>2025-06-14T08:46:50Z</time></trkpt>
      <trkpt lat="50.042195" lon="14.407990"><ele>194.9</ele><time>2025-06-14T08:46:50Z</time></trkpt>
      <trkpt lat="50.042106" lon="14.407936"><ele>194.4</ele><time>2025-06-14T08:46:51Z</time></trkpt>
      <trkpt lat="50.042016" lon="14.407881"><ele>193.9</ele><time>2025-06-14T08:46:52Z</time></trkpt>
      <trkpt lat="50.041927" lon="14.407827"><ele>193.5</ele><time>2025-06-14T08:46:54Z</time></trkpt>
      <trkpt lat="50.041837" lon="14.407772"><ele>193.0</ele><time>2025-06-14T08:46:55Z</time></trkpt>
      <trkpt lat="50.041748" lon="14.407718"><ele>192.5</ele><time>2025-06-14T08:46:56Z</time></trkpt>
      <trkpt lat="50.041652" lon="14.407654"><ele>192.0</ele><time>2025-06-14T08:46:57Z</time></trkpt>
      <trkpt lat="50.041556" lon="14.407591"><ele>191.5</ele><time>2025-06-14T08:46:59Z</time></trkpt>
      <trkpt lat="50.041460" lon="14.407527"><ele>191.0</ele><time>2025-06-14T08:47:00Z</time></trkpt>
      <trkpt lat="50.041364" lon="14.407464"><ele>192.3</ele><time>2025-06-14T08:47:05Z</time></trkpt>
      <trkpt lat="50.041261" lon="14.407393"><ele>193.7</ele><time>2025-06-14T08:47:10Z</time></trkpt>
      <trkpt lat="50.041157" lon="14.407323"><ele>195.1</ele><time>2025-06-14T08:47:15Z</time></trkpt>
      <trkpt lat="50.041054" lon="14.407252"><ele>196.6</ele><time>2025-06-14T08:47:20Z</time></trkpt>
      <trkpt lat="50.040998" lon="14.407213"><ele>197.3</ele><time>2025-06-14T08:47:22Z</time></trkpt>
      <trkpt lat="50.040961" lon="14.407183"><ele>197.8</ele><time>2025-06-14T08:47:24Z</time></trkpt>
      <trkpt lat="50.040926" lon="14.407150"><ele>198.4</ele><time>2025-06-14T08:47:26Z</time></trkpt>
      <trkpt lat="50.040901" lon="14.407129"><ele>198.7</ele><time>2025-06-14T08:47:27Z</time></trkpt>
      <trkpt lat="50.040880" lon="14.407115"><ele>199.0</ele><time>2025-06-14T08:47:28Z</time></trkpt>
      <trkpt lat="50.040860" lon="14.407106"><ele>199.0</ele><time>2025-06-14T08:47:29Z</time></trkpt>
      <trkpt lat="50.040830" lon="14.407091"><ele>199.0</ele><time>2025-06-14T08:47:29Z</time></trkpt>
      <trkpt lat="50.040786" lon="14.407066"><ele>199.0</ele><time>2025-06-14T08:47:30Z</time></trkpt>
      <trkpt lat="50.040720" lon="14.407023"><ele>199.0</ele><time>2025-06-14T08:47:31Z</time></trkpt>
      <trkpt lat="50.040612" lon="14.406946"><ele>199.0</ele><time>2025-06-14T08:47:33Z</time></trkpt>
      <trkpt lat="50.040504" lon="14.406869"><ele>199.0</ele><time>2025-06-14T08:47:35Z</time></trkpt>
      <trkpt lat="50.040396" lon="14.406792"><ele>199.0</ele><time>2025-06-14T08:47:37Z</time></trkpt>
      <trkpt lat="50.040311" lon="14.406726"><ele>199.0</ele><time>2025-06-14T08:47:39Z</time></trkpt>
      <trkpt lat="50.040225" lon="14.406660"><ele>199.0</ele><time>2025-06-14T08:47:40Z</time></trkpt>
      <trkpt lat="50.040140" lon="14.406594"><ele>199.4</ele><time>2025-06-14T08:47:43Z</time></trkpt>
      <trkpt lat="50.040054" lon="14.406527"><ele>199.8</ele><time>2025-06-14T08:47:45Z</time></trkpt>
      <trkpt lat="50.039969" lon="14.406461"><ele>200.2</ele><time>2025-06-14T08:47:47Z</time></trkpt>
      <trkpt lat="50.039883" lon="14.406395"><ele>200.6</ele><time>2025-06-14T08:47:49Z</time></trkpt>
      <trkpt lat="50.039797" lon="14.406329"><ele>201.0</ele><time>2025-06-14T08:47:52Z</time></trkpt>
      <trkpt lat="50.039712" lon="14.406263"><ele>201.4</ele><time>2025-06-14T08:47:54Z</time></trkpt>
      <trkpt lat="50.039597" lon="14.406180"><ele>201.9</ele><time>2025-06-14T08:47:57Z</time></trkpt>
      <trkpt lat="50.039482" lon="14.406098"><ele>202.5</ele><time>2025-06-14T08:48:00Z</time></trkpt>
      <trkpt lat="50.039367" lon="14.406015"><ele>203.0</ele><time>2025-06-14T08:48:03Z</time></trkpt>
      <trkpt lat="50.039253" lon="14.405931"><ele>202.2</ele><time>2025-06-14T08:48:04Z</time></trkpt>
      <trkpt lat="50.039145" lon="14.405863"><ele>201.5</ele><time>2025-06-14T08:48:06Z</time></trkpt>
      <trkpt lat="50.039036" lon="14.405794"><ele>200.7</ele><time>2025-06-14T08:48:07Z</time></trkpt>
      <trkpt lat="50.038928" lon="14.405726"><ele>200.0</ele><time>2025-06-14T08:48:09Z</time></trkpt>
      <trkpt lat="50.038867" lon="14.405688"><ele>199.6</ele><time>2025-06-14T08:48:09Z</time></trkpt>
      <trkpt lat="50.038774" lon="14.405620"><ele>198.9</ele><time>2025-06-14T08:48:11Z</time></trkpt>
      <trkpt lat="50.038682" lon="14.405551"><ele>198.3</ele><time>2025-06-14T08:48:12Z</time></trkpt>
      <trkpt lat="50.038589" lon="14.405482"><ele>197.6</ele><time>2025-06-14T08:48:13Z</time></trkpt>
      <trkpt lat="50.038496" lon="14.405414"><ele>197.0</ele><time>2025-06-14T08:48:15Z</time></trkpt>
      <trkpt lat="50.038409" lon="14.405356"><ele>198.3</ele><time>2025-06-14T08:48:19Z</time></trkpt>
      <trkpt lat="50.038321" lon="14.405298"><ele>199.7</ele><time>2025-06-14T08:48:23Z</time></trkpt>
      <trkpt lat="50.038234" lon="14.405240"><ele>201.0</ele><time>2025-06-14T08:48:27Z</time></trkpt>
      <trkpt lat="50.038146" lon="14.405182"><ele>202.3</ele><time>2025-06-14T08:48:31Z</time></trkpt>
      <trkpt lat="50.038059" lon="14.405124"><ele>203.7</ele><time>2025-06-14T08:48:36Z</time></trkpt>
      <trkpt lat="50.037971" lon="14.405065"><ele>205.0</ele><time>2025-06-14T08:48:40Z</time></trkpt>
      <trkpt lat="50.037884" lon="14.405007"><ele>206.3</ele><time>2025-06-14T08:48:44Z</time></trkpt>
      <trkpt lat="50.037796" lon="14.404949"><ele>207.7</ele><time>2025-06-14T08:48:48Z</time></trkpt>
      <trkpt lat="50.037709" lon="14.404891"><ele>209.0</ele><time>2025-06-14T08:48:53Z</time></trkpt>
      <trkpt lat="50.037621" lon="14.404833"><ele>207.9</ele><time>2025-06-14T08:48:54Z</time></trkpt>
      <trkpt lat="50.037534" lon="14.404775"><ele>206.8</ele><time>2025-06-14T08:48:54Z</time></trkpt>
      <trkpt lat="50.037442" lon="14.404711"><ele>205.6</ele><time>2025-06-14T08:48:55Z</time></trkpt>
      <trkpt lat="50.037351" lon="14.404647"><ele>204.5</ele><time>2025-06-14T08:48:56Z</time></trkpt>
      <trkpt lat="50.037259" lon="14.404582"><ele>203.3</ele><time>2025-06-14T08:48:57Z</time></trkpt>
      <trkpt lat="50.037167" lon="14.404518"><ele>202.2</ele><time>2025-06-14T08:48:58Z</time></trkpt>
      <trkpt lat="50.037084" lon="14.404456"><ele>201.1</ele><time>2025-06-14T08:48:59Z</time></trkpt>
      <trkpt lat="50.037002" lon="14.404394"><ele>200.1</ele><time>2025-06-14T08:49:00Z</time></trkpt>
      <trkpt lat="50.036919" lon="14.404333"><ele>199.0</ele><time>2025-06-14T08:49:01Z</time></trkpt>
      <trkpt lat="50.036837" lon="14.404271"><ele>198.3</ele><time>2025-06-14T08:49:02Z</time></trkpt>
      <trkpt lat="50.036754" lon="14.404209"><ele>197.7</ele><time>2025-06-14T08:49:03Z</time></trkpt>
      <trkpt lat="50.036672" lon="14.404147"><ele>197.0</ele><time>2025-06-14T08:49:05Z</time></trkpt>
      <trkpt lat="50.036589" lon="14.404086"><ele>196.3</ele><time>2025-06-14T08:49:06Z</time></trkpt>
      <trkpt lat="50.036507" lon="14.404024"><ele>195.7</ele><time>2025-06-14T08:49:07Z</time></trkpt>
      <trkpt lat="50.036424" lon="14.403962"><ele>195.0</ele><time>2025-06-14T08:49:08Z</time></trkpt>
      <trkpt lat="50.036338" lon="14.403908"><ele>194.3</ele><time>2025-06-14T08:49:09Z</time></trkpt>
      <trkpt lat="50.036252" lon="14.403853"><ele>193.7</ele><time>2025-06-14T08:49:10Z</time></trkpt>
      <trkpt lat="50.036166" lon="14.403799"><ele>193.0</ele><time>2025-06-14T08:49:11Z</time></trkpt>
      <trkpt lat="50.036080" lon="14.403745"><ele>195.3</ele><time>2025-06-14T08:49:15Z</time></trkpt>
      <trkpt lat="50.035995" lon="14.403690"><ele>197.5</ele><time>2025-06-14T08:49:19Z</time></trkpt>
      <trkpt lat="50.035909" lon="14.403636"><ele>199.8</ele><time>2025-06-14T08:49:23Z</time></trkpt>
      <trkpt lat="50.035823" lon="14.403581"><ele>202.0</ele><time>2025-06-14T08:49:28Z</time></trkpt>
      <trkpt lat="50.035737" lon="14.403527"><ele>204.3</ele><time>2025-06-14T08:49:32Z</time></trkpt>
      <trkpt lat="50.035656" lon="14.403467"><ele>206.4</ele><time>2025-06-14T08:49:36Z</time></trkpt>
      <trkpt lat="50.035575" lon="14.403406"><ele>208.6</ele><time>2025-06-14T08:49:40Z</time></trkpt>
      <trkpt lat="50.035494" lon="14.403346"><ele>210.8</ele><time>2025-06-14T08:49:44Z</time></trkpt>
      <trkpt lat="50.035412" lon="14.403285"><ele>213.0</ele><time>2025-06-14T08:49:48Z</time></trkpt>
      <trkpt lat="50.035331" lon="14.403225"><ele>211.3</ele><time>2025-06-14T08:49:49Z</time></trkpt>
      <trkpt lat="50.035250" lon="14.403165"><ele>209.7</ele><time>2025-06-14T08:49:49Z</time></trkpt>
      <trkpt lat="50.035169" lon="14.403104"><ele>208.0</ele><time>2025-06-14T08:49:50Z</time></trkpt>
      <trkpt lat="50.035088" lon="14.403044"><ele>206.3</ele><time>2025-06-14T08:49:51Z</time></trkpt>
      <trkpt lat="50.035007" lon="14.402984"><ele>204.7</ele><time>2025-06-14T08:49:52Z</time></trkpt>
      <trkpt lat="50.034925" lon="14.402923"><ele>203.0</ele><time>2025-06-14T08:49:53Z</time></trkpt>
      <trkpt lat="50.034844" lon="14.402863"><ele>201.3</ele><time>2025-06-14T08:49:53Z</time></trkpt>
      <trkpt lat="50.034763" lon="14.402802"><ele>199.7</ele><time>2025-06-14T08:49:54Z</time></trkpt>
      <trkpt lat="50.034682" lon="14.402742"><ele>198.0</ele><time>2025-06-14T08:49:55Z</time></trkpt>
      <trkpt lat="50.034601" lon="14.402671"><ele>199.4</ele><time>2025-06-14T08:49:59Z</time></trkpt>
      <trkpt lat="50.034521" lon="14.402600"><ele>200.9</ele><time>2025-06-14T08:50:03Z</time></trkpt>
      <trkpt lat="50.034440" lon="14.402529"><ele>202.3</ele><time>2025-06-14T08:50:07Z</time></trkpt>
      <trkpt lat="50.034360" lon="14.402458"><ele>203.8</ele><time>2025-06-14T08:50:11Z</time></trkpt>
      <trkpt lat="50.034279" lon="14.402387"><ele>205.2</ele><time>2025-06-14T08:50:16Z</time></trkpt>
      <trkpt lat="50.034199" lon="14.402317"><ele>206.7</ele><time>2025-06-14T08:50:20Z</time></trkpt>
      <trkpt lat="50.034118" lon="14.402246"><ele>208.1</ele><time>2025-06-14T08:50:24Z</time></trkpt>
      <trkpt lat="50.034038" lon="14.402175"><ele>209.6</ele><time>2025-06-14T08:50:28Z</time></trkpt>
      <trkpt lat="50.033957" lon="14.402104"><ele>211.0</ele><time>2025-06-14T08:50:32Z</time></trkpt>
      <trkpt lat="50.033877" lon="14.402033"><ele>209.1</ele><time>2025-06-14T08:50:33Z</time></trkpt>
      <trkpt lat="50.033795" lon="14.401965"><ele>207.2</ele><time>2025-06-14T08:50:34Z</time></trkpt>
      <trkpt lat="50.033712" lon="14.401898"><ele>205.3</ele><time>2025-06-14T08:50:34Z</time></trkpt>
      <trkpt lat="50.033630" lon="14.401830"><ele>203.5</ele><time>2025-06-14T08:50:35Z</time></trkpt>
      <trkpt lat="50.033548" lon="14.401763"><ele>201.6</ele><time>2025-06-14T08:50:36Z</time></trkpt>
      <trkpt lat="50.033465" lon="14.401695"><ele>199.7</ele><time>2025-06-14T08:50:37Z</time></trkpt>
      <trkpt lat="50.033383" lon="14.401628"><ele>197.8</ele><time>2025-06-14T08:50:38Z</time></trkpt>
      <trkpt lat="50.033301" lon="14.401561"><ele>195.9</ele><time>2025-06-14T08:50:39Z</time></trkpt>
      <trkpt lat="50.033218" lon="14.401493"><ele>194.0</ele><time>2025-06-14T08:50:39Z</time></trkpt>
      <trkpt lat="50.033136" lon="14.401426"><ele>195.4</ele><time>2025-06-14T08:50:44Z</time></trkpt>
      <trkpt lat="50.033054" lon="14.401358"><ele>196.9</ele><time>2025-06-14T08:50:48Z</time></trkpt>
      <trkpt lat="50.032971" lon="14.401290"><ele>198.3</ele><time>2025-06-14T08:50:52Z</time></trkpt>
      <trkpt lat="50.032889" lon="14.401223"><ele>199.8</ele><time>2025-06-14T08:50:56Z</time></trkpt>
      <trkpt lat="50.032808" lon="14.401153"><ele>201.2</ele><time>2025-06-14T08:51:00Z</time></trkpt>
      <trkpt lat="50.032726" lon="14.401082"><ele>202.7</ele><time>2025-06-14T08:51:04Z</time></trkpt>
      <trkpt lat="50.032645" lon="14.401011"><ele>204.1</ele><time>2025-06-14T08:51:08Z</time></trkpt>
      <trkpt lat="50.032564" lon="14.400941"><ele>205.6</ele><time>2025-06-14T08:51:13Z</time></trkpt>
      <trkpt lat="50.032483" lon="14.400870"><ele>207.0</ele><time>2025-06-14T08:51:17Z</time></trkpt>
      <trkpt lat="50.032401" lon="14.400800"><ele>207.0</ele><time>2025-06-14T08:51:18Z</time></trkpt>
      <trkpt lat="50.032320" lon="14.400730"><ele>207.0</ele><time>2025-06-14T08:51:20Z</time></trkpt>
      <trkpt lat="50.032239" lon="14.400659"><ele>207.0</ele><time>2025-06-14T08:51:21Z</time></trkpt>
      <trkpt lat="50.032158" lon="14.400589"><ele>207.0</ele><time>2025-06-14T08:51:23Z</time></trkpt>
      <trkpt lat="50.032077" lon="14.400518"><ele>207.0</ele><time>2025-06-14T08:51:25Z</time></trkpt>
      <trkpt lat="50.031995" lon="14.400448"><ele>207.0</ele><time>2025-06-14T08:51:26Z</time></trkpt>
      <trkpt lat="50.031914" lon="14.400377"><ele>207.0</ele><time>2025-06-14T08:51:28Z</time></trkpt>
      <trkpt lat="50.031834" lon="14.400307"><ele>207.0</ele><time>2025-06-14T08:51:29Z</time></trkpt>
      <trkpt lat="50.031754" lon="14.400237"><ele>207.0</ele><time>2025-06-14T08:51:31Z</time></trkpt>
      <trkpt lat="50.031675" lon="14.400168"><ele>209.2</ele><time>2025-06-14T08:51:35Z</time></trkpt>
      <trkpt lat="50.031595" lon="14.400098"><ele>211.4</ele><time>2025-06-14T08:51:39Z</time></trkpt>
      <trkpt lat="50.031515" lon="14.400028"><ele>213.7</ele><time>2025-06-14T08:51:43Z</time></trkpt>
      <trkpt lat="50.031435" lon="14.399958"><ele>215.9</ele><time>2025-06-14T08:51:47Z</time></trkpt>
      <trkpt lat="50.031355" lon="14.399888"><ele>218.1</ele><time>2025-06-14T08:51:51Z</time></trkpt>
      <trkpt lat="50.031275" lon="14.399819"><ele>220.3</ele><time>2025-06-14T08:51:55Z</time></trkpt>
      <trkpt lat="50.031196" lon="14.399749"><ele>222.6</ele><time>2025-06-14T08:51:59Z</time></trkpt>
      <trkpt lat="50.031116" lon="14.399679"><ele>224.8</ele><time>2025-06-14T08:52:04Z</time></trkpt>
      <trkpt lat="50.031036" lon="14.399609"><ele>227.0</ele><time>2025-06-14T08:52:08Z</time></trkpt>
      <trkpt lat="50.030956" lon="14.399539"><ele>224.1</ele><time>2025-06-14T08:52:08Z</time></trkpt>
      <trkpt lat="50.030876" lon="14.399469"><ele>221.2</ele><time>2025-06-14T08:52:09Z</time></trkpt>
      <trkpt lat="50.030797" lon="14.399400"><ele>218.3</ele><time>2025-06-14T08:52:10Z</time></trkpt>
      <trkpt lat="50.030717" lon="14.399330"><ele>215.4</ele><time>2025-06-14T08:52:11Z</time></trkpt>
      <trkpt lat="50.030637" lon="14.399260"><ele>212.5</ele><time>2025-06-14T08:52:12Z</time></trkpt>
      <trkpt lat="50.030557" lon="14.399193"><ele>209.6</ele><time>2025-06-14T08:52:13Z</time></trkpt>
      <trkpt lat="50.030476" lon="14.399125"><ele>206.8</ele><time>2025-06-14T08:52:13Z</time></trkpt>
      <trkpt lat="50.030396" lon="14.399058"><ele>203.9</ele><time>2025-06-14T08:52:14Z</time></trkpt>
      <trkpt lat="50.030316" lon="14.398991"><ele>201.0</ele><time>2025-06-14T08:52:15Z</time></trkpt>
      <trkpt lat="50.030236" lon="14.398923"><ele>202.1</ele><time>2025-06-14T08:52:19Z</time></trkpt>
      <trkpt lat="50.030155" lon="14.398856"><ele>203.2</ele><time>2025-06-14T08:52:23Z</time></trkpt>
      <trkpt lat="50.030075" lon="14.398789"><ele>204.3</ele><time>2025-06-14T08:52:27Z</time></trkpt>
      <trkpt lat="50.029995" lon="14.398721"><ele>205.4</ele><time>2025-06-14T08:52:31Z</time></trkpt>
      <trkpt lat="50.029914" lon="14.398654"><ele>206.6</ele><time>2025-06-14T08:52:35Z</time></trkpt>
      <trkpt lat="50.029834" lon="14.398587"><ele>207.7</ele><time>2025-06-14T08:52:39Z</time></trkpt>
      <trkpt lat="50.029754" lon="14.398519"><ele>208.8</ele><time>2025-06-14T08:52:43Z</time></trkpt>
      <trkpt lat="50.029673" lon="14.398452"><ele>209.9</ele><time>2025-06-14T08:52:47Z</time></trkpt>
      <trkpt lat="50.029593" lon="14.398384"><ele>211.0</ele><time>2025-06-14T08:52:51Z</time></trkpt>
      <trkpt lat="50.029513" lon="14.398317"><ele>209.2</ele><time>2025-06-14T08:52:52Z</time></trkpt>
      <trkpt lat="50.029432" lon="14.398250"><ele>207.4</ele><time>2025-06-14T08:52:53Z</time></trkpt>
      <trkpt lat="50.029352" lon="14.398182"><ele>205.7</ele><time>2025-06-14T08:52:54Z</time></trkpt>
      <trkpt lat="50.029272" lon="14.398115"><ele>203.9</ele><time>2025-06-14T08:52:55Z</time></trkpt>
      <trkpt lat="50.029192" lon="14.398048"><ele>202.1</ele><time>2025-06-14T08:52:56Z</time></trkpt>
      <trkpt lat="50.029111" lon="14.397980"><ele>200.3</ele><time>2025-06-14T08:52:56Z</time></trkpt>
      <trkpt lat="50.029031" lon="14.397913"><ele>198.5</ele><time>2025-06-14T08:52:57Z</time></trkpt>
      <trkpt lat="50.028951" lon="14.397848"><ele>196.8</ele><time>2025-06-14T08:52:58Z</time></trkpt>
      <trkpt lat="50.028871" lon="14.397782"><ele>195.0</ele><time>2025-06-14T08:52:59Z</time></trkpt>
      <trkpt lat="50.028790" lon="14.397717"><ele>195.2</ele><time>2025-06-14T08:53:00Z</time></trkpt>
      <trkpt lat="50.028710" lon="14.397651"><ele>195.4</ele><time>2025-06-14T08:53:02Z</time></trkpt>
      <trkpt lat="50.028630" lon="14.397586"><ele>195.7</ele><time>2025-06-14T08:53:04Z</time></trkpt>
      <trkpt lat="50.028550" lon="14.397520"><ele>195.9</ele><time>2025-06-14T08:53:06Z</time></trkpt>
      <trkpt lat="50.028469" lon="14.397455"><ele>196.1</ele><time>2025-06-14T08:53:07Z</time></trkpt>
      <trkpt lat="50.028389" lon="14.397389"><ele>196.3</ele><time>2025-06-14T08:53:09Z</time></trkpt>
      <trkpt lat="50.028309" lon="14.397324"><ele>196.6</ele><time>2025-06-14T08:53:11Z</time></trkpt>
      <trkpt lat="50.028229" lon="14.397258"><ele>196.8</ele><time>2025-06-14T08:53:12Z</time></trkpt>
      <trkpt lat="50.028148" lon="14.397193"><ele>197.0</ele><time>2025-06-14T08:53:14Z</time></trkpt>
      <trkpt lat="50.028068" lon="14.397127"><ele>196.8</ele><time>2025-06-14T08:53:15Z</time></trkpt>
      <trkpt lat="50.027988" lon="14.397062"><ele>196.6</ele><time>2025-06-14T08:53:17Z</time></trkpt>
      <trkpt lat="50.027874" lon="14.396984"><ele>196.4</ele><time>2025-06-14T08:53:19Z</time></trkpt>
      <trkpt lat="50.027760" lon="14.396906"><ele>196.1</ele><time>2025-06-14T08:53:20Z</time></trkpt>
      <trkpt lat="50.027648" lon="14.396845"><ele>195.9</ele><time>2025-06-14T08:53:22Z</time></trkpt>
      <trkpt lat="50.027535" lon="14.396783"><ele>195.7</ele><time>2025-06-14T08:53:24Z</time></trkpt>
      <trkpt lat="50.027430" lon="14.396724"><ele>195.4</ele><time>2025-06-14T08:53:25Z</time></trkpt>
      <trkpt lat="50.027324" lon="14.396666"><ele>195.2</ele><time>2025-06-14T08:53:27Z</time></trkpt>
      <trkpt lat="50.027219" lon="14.396607"><ele>195.0</ele><time>2025-06-14T08:53:28Z</time></trkpt>
      <trkpt lat="50.027072" lon="14.396533"><ele>194.8</ele><time>2025-06-14T08:53:31Z</time></trkpt>
      <trkpt lat="50.026981" lon="14.396491"><ele>194.7</ele><time>2025-06-14T08:53:32Z</time></trkpt>
      <trkpt lat="50.026890" lon="14.396450"><ele>194.6</ele><time>2025-06-14T08:53:34Z</time></trkpt>
      <trkpt lat="50.026799" lon="14.396408"><ele>194.5</ele><time>2025-06-14T08:53:35Z</time></trkpt>
      <trkpt lat="50.026709" lon="14.396376"><ele>194.4</ele><time>2025-06-14T08:53:36Z</time></trkpt>
      <trkpt lat="50.026620" lon="14.396345"><ele>194.3</ele><time>2025-06-14T08:53:38Z</time></trkpt>
      <trkpt lat="50.026518" lon="14.396309"><ele>194.2</ele><time>2025-06-14T08:53:39Z</time></trkpt>
      <trkpt lat="50.026416" lon="14.396274"><ele>194.1</ele><time>2025-06-14T08:53:41Z</time></trkpt>
      <trkpt lat="50.026314" lon="14.396238"><ele>194.0</ele><time>2025-06-14T08:53:42Z</time></trkpt>
      <trkpt lat="50.026199" lon="14.396198"><ele>194.3</ele><time>2025-06-14T08:53:45Z</time></trkpt>
      <trkpt lat="50.026084" lon="14.396159"><ele>194.6</ele><time>2025-06-14T08:53:47Z</time></trkpt>
      <trkpt lat="50.025969" lon="14.396119"><ele>194.9</ele><time>2025-06-14T08:53:49Z</time></trkpt>
      <trkpt lat="50.025945" lon="14.396110"><ele>195.0</ele><time>2025-06-14T08:53:49Z</time></trkpt>
      <trkpt lat="50.025936" lon="14.396107"><ele>195.0</ele><time>2025-06-14T08:53:50Z</time></trkpt>
      <trkpt lat="50.025834" lon="14.396077"><ele>195.2</ele><time>2025-06-14T08:53:51Z</time></trkpt>
      <trkpt lat="50.025731" lon="14.396048"><ele>195.5</ele><time>2025-06-14T08:53:53Z</time></trkpt>
      <trkpt lat="50.025629" lon="14.396018"><ele>195.8</ele><time>2025-06-14T08:53:55Z</time></trkpt>
      <trkpt lat="50.025536" lon="14.395991"><ele>196.0</ele><time>2025-06-14T08:53:57Z</time></trkpt>
      <trkpt lat="50.025443" lon="14.395964"><ele>196.0</ele><time>2025-06-14T08:53:59Z</time></trkpt>
      <trkpt lat="50.025350" lon="14.395937"><ele>196.0</ele><time>2025-06-14T08:54:00Z</time></trkpt>
      <trkpt lat="50.025259" lon="14.395911"><ele>196.0</ele><time>2025-06-14T08:54:01Z</time></trkpt>
      <trkpt lat="50.025169" lon="14.395885"><ele>196.0</ele><time>2025-06-14T08:54:03Z</time></trkpt>
      <trkpt lat="50.025078" lon="14.395858"><ele>196.0</ele><time>2025-06-14T08:54:04Z</time></trkpt>
      <trkpt lat="50.024988" lon="14.395832"><ele>196.0</ele><time>2025-06-14T08:54:06Z</time></trkpt>
      <trkpt lat="50.024897" lon="14.395806"><ele>196.0</ele><time>2025-06-14T08:54:07Z</time></trkpt>
      <trkpt lat="50.024884" lon="14.395636"><ele>196.0</ele><time>2025-06-14T08:54:09Z</time></trkpt>
      <trkpt lat="50.024872" lon="14.395465"><ele>196.0</ele><time>2025-06-14T08:54:11Z</time></trkpt>
      <trkpt lat="50.024872" lon="14.395186"><ele>195.8</ele><time>2025-06-14T08:54:13Z</time></trkpt>
      <trkpt lat="50.024883" lon="14.394992"><ele>195.7</ele><time>2025-06-14T08:54:15Z</time></trkpt>
      <trkpt lat="50.024904" lon="14.394844"><ele>195.6</ele><time>2025-06-14T08:54:17Z</time></trkpt>
      <trkpt lat="50.024924" lon="14.394697"><ele>195.5</ele><time>2025-06-14T08:54:18Z</time></trkpt>
      <trkpt lat="50.024945" lon="14.394549"><ele>195.4</ele><time>2025-06-14T08:54:20Z</time></trkpt>
      <trkpt lat="50.024966" lon="14.394401"><ele>195.3</ele><time>2025-06-14T08:54:21Z</time></trkpt>
      <trkpt lat="50.024989" lon="14.394296"><ele>195.2</ele><time>2025-06-14T08:54:22Z</time></trkpt>
      <trkpt lat="50.024873" lon="14.394299"><ele>195.1</ele><time>2025-06-14T08:54:24Z</time></trkpt>
      <trkpt lat="50.024758" lon="14.394302"><ele>195.0</ele><time>2025-06-14T08:54:26Z</time></trkpt>
      <trkpt lat="50.024602" lon="14.394307"><ele>195.0</ele><time>2025-06-14T08:54:28Z</time></trkpt>
      <trkpt lat="50.024506" lon="14.394301"><ele>195.0</ele><time>2025-06-14T08:54:29Z</time></trkpt>
      <trkpt lat="50.024409" lon="14.394294"><ele>195.0</ele><time>2025-06-14T08:54:31Z</time></trkpt>
      <trkpt lat="50.024313" lon="14.394288"><ele>195.0</ele><time>2025-06-14T08:54:33Z</time></trkpt>
      <trkpt lat="50.024263" lon="14.394268"><ele>195.0</ele><time>2025-06-14T08:54:33Z</time></trkpt>
      <trkpt lat="50.024217" lon="14.394239"><ele>195.0</ele><time>2025-06-14T08:54:34Z</time></trkpt>
      <trkpt lat="50.024162" lon="14.394178"><ele>195.0</ele><time>2025-06-14T08:54:35Z</time></trkpt>
      <trkpt lat="50.024096" lon="14.394089"><ele>195.0</ele><time>2025-06-14T08:54:37Z</time></trkpt>
      <trkpt lat="50.024034" lon="14.393981"><ele>195.0</ele><time>2025-06-14T08:54:38Z</time></trkpt>
      <trkpt lat="50.023997" lon="14.393918"><ele>194.9</ele><time>2025-06-14T08:54:39Z</time></trkpt>
      <trkpt lat="50.023896" lon="14.394018"><ele>194.8</ele><time>2025-06-14T08:54:41Z</time></trkpt>
      <trkpt lat="50.023810" lon="14.394070"><ele>194.7</ele><time>2025-06-14T08:54:42Z</time></trkpt>
      <trkpt lat="50.023725" lon="14.394122"><ele>194.6</ele><time>2025-06-14T08:54:43Z</time></trkpt>
      <trkpt lat="50.023573" lon="14.394194"><ele>194.5</ele><time>2025-06-14T08:54:46Z</time></trkpt>
      <trkpt lat="50.023433" lon="14.394260"><ele>194.4</ele><time>2025-06-14T08:54:48Z</time></trkpt>
      <trkpt lat="50.023299" lon="14.394238"><ele>194.2</ele><time>2025-06-14T08:54:50Z</time></trkpt>
      <trkpt lat="50.023165" lon="14.394216"><ele>194.1</ele><time>2025-06-14T08:54:52Z</time></trkpt>
      <trkpt lat="50.023075" lon="14.394204"><ele>194.0</ele><time>2025-06-14T08:54:53Z</time></trkpt>
      <trkpt lat="50.022985" lon="14.394192"><ele>194.1</ele><time>2025-06-14T08:54:55Z</time></trkpt>
      <trkpt lat="50.022895" lon="14.394180"><ele>194.2</ele><time>2025-06-14T08:54:56Z</time></trkpt>
      <trkpt lat="50.022796" lon="14.394171"><ele>194.3</ele><time>2025-06-14T08:54:58Z</time></trkpt>
      <trkpt lat="50.022697" lon="14.394162"><ele>194.4</ele><time>2025-06-14T08:55:00Z</time></trkpt>
      <trkpt lat="50.022599" lon="14.394153"><ele>194.5</ele><time>2025-06-14T08:55:02Z</time></trkpt>
      <trkpt lat="50.022500" lon="14.394144"><ele>194.7</ele><time>2025-06-14T08:55:03Z</time></trkpt>
      <trkpt lat="50.022401" lon="14.394135"><ele>194.8</ele><time>2025-06-14T08:55:05Z</time></trkpt>
      <trkpt lat="50.022303" lon="14.394126"><ele>194.9</ele><time>2025-06-14T08:55:07Z</time></trkpt>
      <trkpt lat="50.022204" lon="14.394117"><ele>195.0</ele><time>2025-06-14T08:59:08Z</time></trkpt>
      <trkpt lat="50.022105" lon="14.394108"><ele>195.0</ele><time>2025-06-14T08:59:10Z</time></trkpt>
      <trkpt lat="50.021971" lon="14.394104"><ele>195.0</ele><time>2025-06-14T08:59:12Z</time></trkpt>
      <trkpt lat="50.021836" lon="14.394100"><ele>195.0</ele><time>2025-06-14T08:59:14Z</time></trkpt>
      <trkpt lat="50.021742" lon="14.394097"><ele>195.0</ele><time>2025-06-14T08:59:16Z</time></trkpt>
      <trkpt lat="50.021648" lon="14.394095"><ele>195.0</ele><time>2025-06-14T08:59:17Z</time></trkpt>
      <trkpt lat="50.021554" lon="14.394092"><ele>195.0</ele><time>2025-06-14T08:59:19Z</time></trkpt>
      <trkpt lat="50.021460" lon="14.394090"><ele>195.0</ele><time>2025-06-14T08:59:20Z</time></trkpt>
      <trkpt lat="50.021366" lon="14.394087"><ele>195.0</ele><time>2025-06-14T08:59:22Z</time></trkpt>
      <trkpt lat="50.021271" lon="14.394085"><ele>195.0</ele><time>2025-06-14T08:59:24Z</time></trkpt>
      <trkpt lat="50.021177" lon="14.394082"><ele>194.8</ele><time>2025-06-14T08:59:25Z</time></trkpt>
      <trkpt lat="50.021083" lon="14.394080"><ele>194.6</ele><time>2025-06-14T08:59:26Z</time></trkpt>
      <trkpt lat="50.020989" lon="14.394077"><ele>194.3</ele><time>2025-06-14T08:59:28Z</time></trkpt>
      <trkpt lat="50.020895" lon="14.394075"><ele>194.1</ele><time>2025-06-14T08:59:29Z</time></trkpt>
      <trkpt lat="50.020801" lon="14.394072"><ele>193.9</ele><time>2025-06-14T08:59:30Z</time></trkpt>
      <trkpt lat="50.020709" lon="14.394070"><ele>193.7</ele><time>2025-06-14T08:59:32Z</time></trkpt>
      <trkpt lat="50.020617" lon="14.394067"><ele>193.4</ele><time>2025-06-14T08:59:33Z</time></trkpt>
      <trkpt lat="50.020525" lon="14.394065"><ele>193.2</ele><time>2025-06-14T08:59:34Z</time></trkpt>
      <trkpt lat="50.020434" lon="14.394063"><ele>193.0</ele><time>2025-06-14T08:59:36Z</time></trkpt>
      <trkpt lat="50.020342" lon="14.394060"><ele>193.1</ele><time>2025-06-14T08:59:37Z</time></trkpt>
      <trkpt lat="50.020250" lon="14.394058"><ele>193.2</ele><time>2025-06-14T08:59:39Z</time></trkpt>
      <trkpt lat="50.020158" lon="14.394056"><ele>193.3</ele><time>2025-06-14T08:59:40Z</time></trkpt>
      <trkpt lat="50.020066" lon="14.394053"><ele>193.4</ele><time>2025-06-14T08:59:42Z</time></trkpt>
      <trkpt lat="50.019974" lon="14.394051"><ele>193.6</ele><time>2025-06-14T08:59:44Z</time></trkpt>
      <trkpt lat="50.019882" lon="14.394049"><ele>193.7</ele><time>2025-06-14T08:59:45Z</time></trkpt>
      <trkpt lat="50.019790" lon="14.394046"><ele>193.8</ele><time>2025-06-14T08:59:47Z</time></trkpt>
      <trkpt lat="50.019699" lon="14.394044"><ele>193.9</ele><time>2025-06-14T08:59:49Z</time></trkpt>
      <trkpt lat="50.019607" lon="14.394042"><ele>194.0</ele><time>2025-06-14T08:59:50Z</time></trkpt>
      <trkpt lat="50.019515" lon="14.394039"><ele>194.0</ele><time>2025-06-14T08:59:52Z</time></trkpt>
      <trkpt lat="50.019423" lon="14.394037"><ele>194.0</ele><time>2025-06-14T08:59:53Z</time></trkpt>
      <trkpt lat="50.019330" lon="14.394035"><ele>194.0</ele><time>2025-06-14T08:59:55Z</time></trkpt>
      <trkpt lat="50.019237" lon="14.394033"><ele>194.0</ele><time>2025-06-14T08:59:57Z</time></trkpt>
      <trkpt lat="50.019144" lon="14.394031"><ele>194.0</ele><time>2025-06-14T08:59:58Z</time></trkpt>
      <trkpt lat="50.019052" lon="14.394030"><ele>194.0</ele><time>2025-06-14T09:00:00Z</time></trkpt>
      <trkpt lat="50.018959" lon="14.394028"><ele>194.0</ele><time>2025-06-14T09:00:01Z</time></trkpt>
      <trkpt lat="50.018866" lon="14.394026"><ele>194.0</ele><time>2025-06-14T09:00:03Z</time></trkpt>
      <trkpt lat="50.018773" lon="14.394024"><ele>194.0</ele><time>2025-06-14T09:00:04Z</time></trkpt>
      <trkpt lat="50.018680" lon="14.394022"><ele>194.0</ele><time>2025-06-14T09:00:06Z</time></trkpt>
      <trkpt lat="50.018582" lon="14.394001"><ele>194.0</ele><time>2025-06-14T09:00:08Z</time></trkpt>
      <trkpt lat="50.018483" lon="14.393981"><ele>194.0</ele><time>2025-06-14T09:00:09Z</time></trkpt>
      <trkpt lat="50.018385" lon="14.393960"><ele>194.0</ele><time>2025-06-14T09:00:11Z</time></trkpt>
      <trkpt lat="50.018254" lon="14.393934"><ele>194.0</ele><time>2025-06-14T09:00:13Z</time></trkpt>
      <trkpt lat="50.018216" lon="14.393907"><ele>194.0</ele><time>2025-06-14T09:00:14Z</time></trkpt>
      <trkpt lat="50.018197" lon="14.393866"><ele>194.0</ele><time>2025-06-14T09:00:15Z</time></trkpt>
      <trkpt lat="50.018177" lon="14.393766"><ele>194.0</ele><time>2025-06-14T09:00:16Z</time></trkpt>
      <trkpt lat="50.018154" lon="14.393624"><ele>194.0</ele><time>2025-06-14T09:00:17Z</time></trkpt>
      <trkpt lat="50.018172" lon="14.393464"><ele>194.0</ele><time>2025-06-14T09:00:19Z</time></trkpt>
      <trkpt lat="50.018191" lon="14.393303"><ele>194.0</ele><time>2025-06-14T09:00:21Z</time></trkpt>
      <trkpt lat="50.018209" lon="14.393143"><ele>194.0</ele><time>2025-06-14T09:00:23Z</time></trkpt>
      <trkpt lat="50.018160" lon="14.393128"><ele>194.0</ele><time>2025-06-14T09:00:24Z</time></trkpt>
      <trkpt lat="50.018132" lon="14.393119"><ele>194.0</ele><time>2025-06-14T09:00:24Z</time></trkpt>
      <trkpt lat="50.018091" lon="14.393123"><ele>194.0</ele><time>2025-06-14T09:00:25Z</time></trkpt>
      <trkpt lat="50.018091" lon="14.393041"><ele>194.0</ele><time>2025-06-14T09:00:26Z</time></trkpt>
      <trkpt lat="50.018000" lon="14.393041"><ele>194.0</ele><time>2025-06-14T09:00:27Z</time></trkpt>
      <trkpt lat="50.017910" lon="14.393041"><ele>194.0</ele><time>2025-06-14T09:00:29Z</time></trkpt>
      <trkpt lat="50.017819" lon="14.393041"><ele>194.0</ele><time>2025-06-14T09:00:31Z</time></trkpt>
      <trkpt lat="50.017791" lon="14.392995"><ele>194.0</ele><time>2025-06-14T09:00:31Z</time></trkpt>
      <trkpt lat="50.017679" lon="14.392806"><ele>194.0</ele><time>2025-06-14T09:00:34Z</time></trkpt>
      <trkpt lat="50.017609" lon="14.392703"><ele>194.0</ele><time>2025-06-14T09:00:36Z</time></trkpt>
      <trkpt lat="50.017540" lon="14.392600"><ele>194.0</ele><time>2025-06-14T09:00:38Z</time></trkpt>
      <trkpt lat="50.017537" lon="14.392546"><ele>194.0</ele><time>2025-06-14T09:00:38Z</time></trkpt>
      <trkpt lat="50.017630" lon="14.392545"><ele>194.0</ele><time>2025-06-14T09:00:40Z</time></trkpt>
      <trkpt lat="50.017722" lon="14.392543"><ele>194.0</ele><time>2025-06-14T09:00:41Z</time></trkpt>
      <trkpt lat="50.017815" lon="14.392542"><ele>194.0</ele><time>2025-06-14T09:00:43Z</time></trkpt>
      <trkpt lat="50.017907" lon="14.392540"><ele>193.9</ele><time>2025-06-14T09:00:45Z</time></trkpt>
      <trkpt lat="50.018000" lon="14.392539"><ele>193.8</ele><time>2025-06-14T09:00:46Z</time></trkpt>
      <trkpt lat="50.017907" lon="14.392540"><ele>193.7</ele><time>2025-06-14T09:00:48Z</time></trkpt>
      <trkpt lat="50.017815" lon="14.392542"><ele>193.6</ele><time>2025-06-14T09:00:49Z</time></trkpt>
      <trkpt lat="50.017722" lon="14.392543"><ele>193.5</ele><time>2025-06-14T09:00:51Z</time></trkpt>
      <trkpt lat="50.017630" lon="14.392545"><ele>193.4</ele><time>2025-06-14T09:00:52Z</time></trkpt>
      <trkpt lat="50.017537" lon="14.392546"><ele>193.3</ele><time>2025-06-14T09:00:54Z</time></trkpt>
      <trkpt lat="50.017540" lon="14.392322"><ele>193.2</ele><time>2025-06-14T09:00:56Z</time></trkpt>
      <trkpt lat="50.017542" lon="14.392092"><ele>193.0</ele><time>2025-06-14T09:00:59Z</time></trkpt>
      <trkpt lat="50.017545" lon="14.391867"><ele>193.0</ele><time>2025-06-14T09:01:01Z</time></trkpt>
      <trkpt lat="50.017547" lon="14.391638"><ele>193.0</ele><time>2025-06-14T09:01:04Z</time></trkpt>
      <trkpt lat="50.017674" lon="14.391638"><ele>193.0</ele><time>2025-06-14T09:01:06Z</time></trkpt>
      <trkpt lat="50.017802" lon="14.391638"><ele>193.0</ele><time>2025-06-14T09:01:08Z</time></trkpt>
      <trkpt lat="50.017893" lon="14.391637"><ele>193.0</ele><time>2025-06-14T09:01:10Z</time></trkpt>
      <trkpt lat="50.017984" lon="14.391637"><ele>193.0</ele><time>2025-06-14T09:01:11Z</time></trkpt>
      <trkpt lat="50.018075" lon="14.391636"><ele>193.0</ele><time>2025-06-14T09:01:13Z</time></trkpt>
      <trkpt lat="50.018162" lon="14.391635"><ele>193.0</ele><time>2025-06-14T09:01:15Z</time></trkpt>
      <trkpt lat="50.018260" lon="14.391634"><ele>193.0</ele><time>2025-06-14T09:01:16Z</time></trkpt>
      <trkpt lat="50.018245" lon="14.391456"><ele>193.7</ele><time>2025-06-14T09:01:20Z</time></trkpt>
      <trkpt lat="50.018231" lon="14.391277"><ele>194.5</ele><time>2025-06-14T09:01:24Z</time></trkpt>
      <trkpt lat="50.018216" lon="14.391099"><ele>195.2</ele><time>2025-06-14T09:01:27Z</time></trkpt>
      <trkpt lat="50.018204" lon="14.390881"><ele>196.1</ele><time>2025-06-14T09:01:32Z</time></trkpt>
      <trkpt lat="50.018212" lon="14.390701"><ele>196.9</ele><time>2025-06-14T09:01:35Z</time></trkpt>
      <trkpt lat="50.018218" lon="14.390635"><ele>197.1</ele><time>2025-06-14T09:01:36Z</time></trkpt>
      <trkpt lat="50.018243" lon="14.390474"><ele>197.8</ele><time>2025-06-14T09:01:40Z</time></trkpt>
      <trkpt lat="50.018153" lon="14.390438"><ele>198.4</ele><time>2025-06-14T09:01:43Z</time></trkpt>
      <trkpt lat="50.018063" lon="14.390401"><ele>199.0</ele><time>2025-06-14T09:01:46Z</time></trkpt>
      <trkpt lat="50.017973" lon="14.390365"><ele>198.8</ele><time>2025-06-14T09:01:47Z</time></trkpt>
      <trkpt lat="50.017882" lon="14.390328"><ele>198.5</ele><time>2025-06-14T09:01:48Z</time></trkpt>
      <trkpt lat="50.017792" lon="14.390292"><ele>198.3</ele><time>2025-06-14T09:01:50Z</time></trkpt>
      <trkpt lat="50.017702" lon="14.390255"><ele>198.1</ele><time>2025-06-14T09:01:51Z</time></trkpt>
      <trkpt lat="50.017612" lon="14.390219"><ele>197.9</ele><time>2025-06-14T09:01:53Z</time></trkpt>
      <trkpt lat="50.017529" lon="14.390185"><ele>197.7</ele><time>2025-06-14T09:01:54Z</time></trkpt>
      <trkpt lat="50.017442" lon="14.390149"><ele>197.4</ele><time>2025-06-14T09:01:55Z</time></trkpt>
      <trkpt lat="50.017354" lon="14.390114"><ele>197.2</ele><time>2025-06-14T09:01:57Z</time></trkpt>
      <trkpt lat="50.017267" lon="14.390078"><ele>197.0</ele><time>2025-06-14T09:01:58Z</time></trkpt>
      <trkpt lat="50.017179" lon="14.390042"><ele>199.3</ele><time>2025-06-14T09:02:02Z</time></trkpt>
      <trkpt lat="50.017092" lon="14.390006"><ele>201.5</ele><time>2025-06-14T09:02:06Z</time></trkpt>
      <trkpt lat="50.017005" lon="14.389971"><ele>203.8</ele><time>2025-06-14T09:02:10Z</time></trkpt>
      <trkpt lat="50.016917" lon="14.389935"><ele>206.1</ele><time>2025-06-14T09:02:14Z</time></trkpt>
      <trkpt lat="50.016830" lon="14.389899"><ele>208.4</ele><time>2025-06-14T09:02:18Z</time></trkpt>
      <trkpt lat="50.016713" lon="14.389851"><ele>211.4</ele><time>2025-06-14T09:02:24Z</time></trkpt>
      <trkpt lat="50.016597" lon="14.389803"><ele>214.4</ele><time>2025-06-14T09:02:29Z</time></trkpt>
      <trkpt lat="50.016490" lon="14.389759"><ele>217.2</ele><time>2025-06-14T09:02:34Z</time></trkpt>
      <trkpt lat="50.016383" lon="14.389716"><ele>220.0</ele><time>2025-06-14T09:02:39Z</time></trkpt>
      <trkpt lat="50.016276" lon="14.389672"><ele>218.5</ele><time>2025-06-14T09:02:40Z</time></trkpt>
      <trkpt lat="50.016169" lon="14.389628"><ele>217.0</ele><time>2025-06-14T09:02:41Z</time></trkpt>
      <trkpt lat="50.016004" lon="14.389574"><ele>214.7</ele><time>2025-06-14T09:02:42Z</time></trkpt>
      <trkpt lat="50.015923" lon="14.389569"><ele>213.5</ele><time>2025-06-14T09:02:43Z</time></trkpt>
      <trkpt lat="50.015828" lon="14.389572"><ele>212.2</ele><time>2025-06-14T09:02:44Z</time></trkpt>
      <trkpt lat="50.015732" lon="14.389576"><ele>210.9</ele><time>2025-06-14T09:02:45Z</time></trkpt>
      <trkpt lat="50.015637" lon="14.389579"><ele>209.6</ele><time>2025-06-14T09:02:46Z</time></trkpt>
      <trkpt lat="50.015541" lon="14.389583"><ele>208.3</ele><time>2025-06-14T09:02:47Z</time></trkpt>
      <trkpt lat="50.015446" lon="14.389586"><ele>207.0</ele><time>2025-06-14T09:02:48Z</time></trkpt>
      <trkpt lat="50.015350" lon="14.389590"><ele>206.1</ele><time>2025-06-14T09:02:49Z</time></trkpt>
      <trkpt lat="50.015255" lon="14.389593"><ele>205.2</ele><time>2025-06-14T09:02:50Z</time></trkpt>
      <trkpt lat="50.015133" lon="14.389597"><ele>204.1</ele><time>2025-06-14T09:02:51Z</time></trkpt>
      <trkpt lat="50.015011" lon="14.389601"><ele>203.0</ele><time>2025-06-14T09:02:52Z</time></trkpt>
      <trkpt lat="50.014975" lon="14.389581"><ele>202.6</ele><time>2025-06-14T09:02:53Z</time></trkpt>
      <trkpt lat="50.014947" lon="14.389555"><ele>202.3</ele><time>2025-06-14T09:02:53Z</time></trkpt>
      <trkpt lat="50.014923" lon="14.389517"><ele>202.0</ele><time>2025-06-14T09:02:53Z</time></trkpt>
      <trkpt lat="50.014909" lon="14.389484"><ele>201.8</ele><time>2025-06-14T09:02:54Z</time></trkpt>
      <trkpt lat="50.014879" lon="14.389357"><ele>201.0</ele><time>2025-06-14T09:02:55Z</time></trkpt>
      <trkpt lat="50.014855" lon="14.389258"><ele>201.0</ele><time>2025-06-14T09:02:56Z</time></trkpt>
      <trkpt lat="50.014820" lon="14.389205"><ele>201.0</ele><time>2025-06-14T09:02:57Z</time></trkpt>
      <trkpt lat="50.014773" lon="14.389175"><ele>201.0</ele><time>2025-06-14T09:02:57Z</time></trkpt>
      <trkpt lat="50.014699" lon="14.389163"><ele>201.0</ele><time>2025-06-14T09:02:59Z</time></trkpt>
      <trkpt lat="50.014603" lon="14.389153"><ele>201.0</ele><time>2025-06-14T09:03:00Z</time></trkpt>
      <trkpt lat="50.014506" lon="14.389143"><ele>201.0</ele><time>2025-06-14T09:03:02Z</time></trkpt>
      <trkpt lat="50.014410" lon="14.389132"><ele>201.0</ele><time>2025-06-14T09:03:04Z</time></trkpt>
      <trkpt lat="50.014314" lon="14.389122"><ele>201.0</ele><time>2025-06-14T09:03:05Z</time></trkpt>
      <trkpt lat="50.014217" lon="14.389112"><ele>201.0</ele><time>2025-06-14T09:03:07Z</time></trkpt>
      <trkpt lat="50.014121" lon="14.389102"><ele>201.1</ele><time>2025-06-14T09:03:09Z</time></trkpt>
      <trkpt lat="50.014026" lon="14.389099"><ele>201.2</ele><time>2025-06-14T09:03:11Z</time></trkpt>
      <trkpt lat="50.013930" lon="14.389095"><ele>201.3</ele><time>2025-06-14T09:03:12Z</time></trkpt>
      <trkpt lat="50.013835" lon="14.389092"><ele>201.4</ele><time>2025-06-14T09:03:14Z</time></trkpt>
      <trkpt lat="50.013739" lon="14.389089"><ele>201.6</ele><time>2025-06-14T09:03:16Z</time></trkpt>
      <trkpt lat="50.013644" lon="14.389085"><ele>201.7</ele><time>2025-06-14T09:03:18Z</time></trkpt>
      <trkpt lat="50.013548" lon="14.389082"><ele>201.8</ele><time>2025-06-14T09:03:19Z</time></trkpt>
      <trkpt lat="50.013456" lon="14.389079"><ele>201.9</ele><time>2025-06-14T09:03:21Z</time></trkpt>
      <trkpt lat="50.013364" lon="14.389076"><ele>202.0</ele><time>2025-06-14T09:03:23Z</time></trkpt>
      <trkpt lat="50.013271" lon="14.389074"><ele>201.9</ele><time>2025-06-14T09:03:24Z</time></trkpt>
      <trkpt lat="50.013179" lon="14.389071"><ele>201.8</ele><time>2025-06-14T09:03:26Z</time></trkpt>
      <trkpt lat="50.013087" lon="14.389068"><ele>201.7</ele><time>2025-06-14T09:03:27Z</time></trkpt>
      <trkpt lat="50.012995" lon="14.389065"><ele>201.6</ele><time>2025-06-14T09:03:28Z</time></trkpt>
      <trkpt lat="50.012902" lon="14.389062"><ele>201.4</ele><time>2025-06-14T09:03:30Z</time></trkpt>
      <trkpt lat="50.012810" lon="14.389060"><ele>201.3</ele><time>2025-06-14T09:03:31Z</time></trkpt>
      <trkpt lat="50.012718" lon="14.389057"><ele>201.2</ele><time>2025-06-14T09:03:33Z</time></trkpt>
      <trkpt lat="50.012626" lon="14.389054"><ele>201.1</ele><time>2025-06-14T09:03:34Z</time></trkpt>
      <trkpt lat="50.012534" lon="14.389051"><ele>201.0</ele><time>2025-06-14T09:03:36Z</time></trkpt>
      <trkpt lat="50.012441" lon="14.389049"><ele>200.9</ele><time>2025-06-14T09:03:37Z</time></trkpt>
      <trkpt lat="50.012349" lon="14.389046"><ele>200.8</ele><time>2025-06-14T09:03:38Z</time></trkpt>
      <trkpt lat="50.012257" lon="14.389043"><ele>200.6</ele><time>2025-06-14T09:03:40Z</time></trkpt>
      <trkpt lat="50.012170" lon="14.389058"><ele>200.5</ele><time>2025-06-14T09:03:41Z</time></trkpt>
      <trkpt lat="50.012097" lon="14.389106"><ele>200.4</ele><time>2025-06-14T09:03:42Z</time></trkpt>
      <trkpt lat="50.011981" lon="14.389207"><ele>200.2</ele><time>2025-06-14T09:03:44Z</time></trkpt>
      <trkpt lat="50.011903" lon="14.389233"><ele>200.1</ele><time>2025-06-14T09:03:46Z</time></trkpt>
      <trkpt lat="50.011861" lon="14.389218"><ele>200.1</ele><time>2025-06-14T09:03:46Z</time></trkpt>
      <trkpt lat="50.011819" lon="14.389146"><ele>200.0</ele><time>2025-06-14T09:03:47Z</time></trkpt>
      <trkpt lat="50.011799" lon="14.389077"><ele>200.2</ele><time>2025-06-14T09:03:48Z</time></trkpt>
      <trkpt lat="50.011741" lon="14.389085"><ele>200.4</ele><time>2025-06-14T09:03:49Z</time></trkpt>
      <trkpt lat="50.011585" lon="14.389099"><ele>200.9</ele><time>2025-06-14T09:03:53Z</time></trkpt>
      <trkpt lat="50.011477" lon="14.389095"><ele>201.3</ele><time>2025-06-14T09:03:55Z</time></trkpt>
      <trkpt lat="50.011384" lon="14.389105"><ele>201.7</ele><time>2025-06-14T09:03:57Z</time></trkpt>
      <trkpt lat="50.011291" lon="14.389114"><ele>202.0</ele><time>2025-06-14T09:03:59Z</time></trkpt>
      <trkpt lat="50.011198" lon="14.389124"><ele>202.3</ele><time>2025-06-14T09:04:01Z</time></trkpt>
      <trkpt lat="50.011105" lon="14.389134"><ele>202.7</ele><time>2025-06-14T09:04:03Z</time></trkpt>
      <trkpt lat="50.011012" lon="14.389143"><ele>203.0</ele><time>2025-06-14T09:04:05Z</time></trkpt>
      <trkpt lat="50.010919" lon="14.389153"><ele>203.7</ele><time>2025-06-14T09:04:07Z</time></trkpt>
      <trkpt lat="50.010825" lon="14.389162"><ele>204.3</ele><time>2025-06-14T09:04:10Z</time></trkpt>
      <trkpt lat="50.010732" lon="14.389172"><ele>205.0</ele><time>2025-06-14T09:04:13Z</time></trkpt>
      <trkpt lat="50.010639" lon="14.389182"><ele>205.7</ele><time>2025-06-14T09:04:15Z</time></trkpt>
      <trkpt lat="50.010546" lon="14.389191"><ele>206.3</ele><time>2025-06-14T09:04:18Z</time></trkpt>
      <trkpt lat="50.010453" lon="14.389201"><ele>207.0</ele><time>2025-06-14T09:04:21Z</time></trkpt>
      <trkpt lat="50.010360" lon="14.389211"><ele>207.7</ele><time>2025-06-14T09:04:23Z</time></trkpt>
      <trkpt lat="50.010267" lon="14.389220"><ele>208.3</ele><time>2025-06-14T09:04:26Z</time></trkpt>
      <trkpt lat="50.010174" lon="14.389230"><ele>209.0</ele><time>2025-06-14T09:04:28Z</time></trkpt>
      <trkpt lat="50.010091" lon="14.389233"><ele>208.5</ele><time>2025-06-14T09:04:29Z</time></trkpt>
      <trkpt lat="50.009992" lon="14.389233"><ele>208.0</ele><time>2025-06-14T09:04:31Z</time></trkpt>
      <trkpt lat="50.009893" lon="14.389233"><ele>207.4</ele><time>2025-06-14T09:04:32Z</time></trkpt>
      <trkpt lat="50.009794" lon="14.389233"><ele>206.8</ele><time>2025-06-14T09:04:33Z</time></trkpt>
      <trkpt lat="50.009696" lon="14.389233"><ele>206.3</ele><time>2025-06-14T09:04:34Z</time></trkpt>
      <trkpt lat="50.009597" lon="14.389233"><ele>205.7</ele><time>2025-06-14T09:04:35Z</time></trkpt>
      <trkpt lat="50.009498" lon="14.389233"><ele>205.1</ele><time>2025-06-14T09:04:37Z</time></trkpt>
      <trkpt lat="50.009399" lon="14.389233"><ele>204.6</ele><time>2025-06-14T09:04:38Z</time></trkpt>
      <trkpt lat="50.009300" lon="14.389233"><ele>204.0</ele><time>2025-06-14T09:04:39Z</time></trkpt>
      <trkpt lat="50.009174" lon="14.389233"><ele>203.9</ele><time>2025-06-14T09:04:41Z</time></trkpt>
      <trkpt lat="50.009048" lon="14.389232"><ele>203.7</ele><time>2025-06-14T09:04:43Z</time></trkpt>
      <trkpt lat="50.008922" lon="14.389215"><ele>203.6</ele><time>2025-06-14T09:04:45Z</time></trkpt>
      <trkpt lat="50.008821" lon="14.389190"><ele>203.5</ele><time>2025-06-14T09:04:46Z</time></trkpt>
      <trkpt lat="50.008720" lon="14.389166"><ele>203.4</ele><time>2025-06-14T09:04:48Z</time></trkpt>
      <trkpt lat="50.008619" lon="14.389141"><ele>203.3</ele><time>2025-06-14T09:04:49Z</time></trkpt>
      <trkpt lat="50.008518" lon="14.389116"><ele>203.2</ele><time>2025-06-14T09:04:51Z</time></trkpt>
      <trkpt lat="50.008417" lon="14.389091"><ele>203.1</ele><time>2025-06-14T09:04:52Z</time></trkpt>
      <trkpt lat="50.008316" lon="14.389067"><ele>203.0</ele><time>2025-06-14T09:04:54Z</time></trkpt>
      <trkpt lat="50.008215" lon="14.389042"><ele>202.4</ele><time>2025-06-14T09:04:55Z</time></trkpt>
      <trkpt lat="50.008124" lon="14.389019"><ele>201.8</ele><time>2025-06-14T09:04:56Z</time></trkpt>
      <trkpt lat="50.008034" lon="14.388996"><ele>201.3</ele><time>2025-06-14T09:04:57Z</time></trkpt>
      <trkpt lat="50.007943" lon="14.388972"><ele>200.8</ele><time>2025-06-14T09:04:58Z</time></trkpt>
      <trkpt lat="50.007853" lon="14.388949"><ele>200.2</ele><time>2025-06-14T09:04:59Z</time></trkpt>
      <trkpt lat="50.007762" lon="14.388926"><ele>199.7</ele><time>2025-06-14T09:05:00Z</time></trkpt>
      <trkpt lat="50.007593" lon="14.388880"><ele>198.6</ele><time>2025-06-14T09:05:02Z</time></trkpt>
      <trkpt lat="50.007437" lon="14.388845"><ele>197.7</ele><time>2025-06-14T09:05:04Z</time></trkpt>
      <trkpt lat="50.007320" lon="14.388807"><ele>197.0</ele><time>2025-06-14T09:05:05Z</time></trkpt>
      <trkpt lat="50.007203" lon="14.388769"><ele>199.0</ele><time>2025-06-14T09:05:11Z</time></trkpt>
      <trkpt lat="50.007062" lon="14.388709"><ele>201.4</ele><time>2025-06-14T09:05:17Z</time></trkpt>
      <trkpt lat="50.006986" lon="14.388655"><ele>202.8</ele><time>2025-06-14T09:05:21Z</time></trkpt>
      <trkpt lat="50.006927" lon="14.388606"><ele>204.0</ele><time>2025-06-14T09:05:24Z</time></trkpt>
      <trkpt lat="50.006836" lon="14.388528"><ele>205.7</ele><time>2025-06-14T09:05:29Z</time></trkpt>
      <trkpt lat="50.006758" lon="14.388447"><ele>207.3</ele><time>2025-06-14T09:05:33Z</time></trkpt>
      <trkpt lat="50.006679" lon="14.388366"><ele>208.9</ele><time>2025-06-14T09:05:37Z</time></trkpt>
      <trkpt lat="50.006601" lon="14.388285"><ele>210.4</ele><time>2025-06-14T09:05:41Z</time></trkpt>
      <trkpt lat="50.006522" lon="14.388204"><ele>212.0</ele><time>2025-06-14T09:05:45Z</time></trkpt>
      <trkpt lat="50.006444" lon="14.388122"><ele>213.0</ele><time>2025-06-14T09:05:49Z</time></trkpt>
      <trkpt lat="50.006366" lon="14.388041"><ele>214.0</ele><time>2025-06-14T09:05:53Z</time></trkpt>
      <trkpt lat="50.006287" lon="14.387960"><ele>215.0</ele><time>2025-06-14T09:05:57Z</time></trkpt>
      <trkpt lat="50.006209" lon="14.387879"><ele>216.0</ele><time>2025-06-14T09:06:01Z</time></trkpt>
      <trkpt lat="50.006130" lon="14.387798"><ele>217.0</ele><time>2025-06-14T09:06:05Z</time></trkpt>
      <trkpt lat="50.006052" lon="14.387717"><ele>218.0</ele><time>2025-06-14T09:06:09Z</time></trkpt>
      <trkpt lat="50.005974" lon="14.387636"><ele>219.0</ele><time>2025-06-14T09:06:13Z</time></trkpt>
      <trkpt lat="50.005895" lon="14.387555"><ele>220.0</ele><time>2025-06-14T09:06:17Z</time></trkpt>
      <trkpt lat="50.005817" lon="14.387474"><ele>221.0</ele><time>2025-06-14T09:06:21Z</time></trkpt>
      <trkpt lat="50.005739" lon="14.387392"><ele>221.0</ele><time>2025-06-14T09:06:23Z</time></trkpt>
      <trkpt lat="50.005660" lon="14.387311"><ele>221.0</ele><time>2025-06-14T09:06:24Z</time></trkpt>
      <trkpt lat="50.005582" lon="14.387230"><ele>221.0</ele><time>2025-06-14T09:06:26Z</time></trkpt>
      <trkpt lat="50.005503" lon="14.387149"><ele>221.0</ele><time>2025-06-14T09:06:27Z</time></trkpt>
      <trkpt lat="50.005425" lon="14.387068"><ele>221.0</ele><time>2025-06-14T09:06:29Z</time></trkpt>
      <trkpt lat="50.005344" lon="14.386978"><ele>221.0</ele><time>2025-06-14T09:06:30Z</time></trkpt>
      <trkpt lat="50.005264" lon="14.386888"><ele>221.0</ele><time>2025-06-14T09:06:32Z</time></trkpt>
      <trkpt lat="50.005183" lon="14.386798"><ele>221.0</ele><time>2025-06-14T09:06:33Z</time></trkpt>
      <trkpt lat="50.005102" lon="14.386694"><ele>221.0</ele><time>2025-06-14T09:06:35Z</time></trkpt>
      <trkpt lat="50.005022" lon="14.386590"><ele>221.1</ele><time>2025-06-14T09:06:37Z</time></trkpt>
      <trkpt lat="50.004942" lon="14.386487"><ele>221.2</ele><time>2025-06-14T09:06:39Z</time></trkpt>
      <trkpt lat="50.004861" lon="14.386383"><ele>221.4</ele><time>2025-06-14T09:06:40Z</time></trkpt>
      <trkpt lat="50.004781" lon="14.386279"><ele>221.5</ele><time>2025-06-14T09:06:42Z</time></trkpt>
      <trkpt lat="50.004700" lon="14.386175"><ele>221.6</ele><time>2025-06-14T09:06:44Z</time></trkpt>
      <trkpt lat="50.004631" lon="14.386083"><ele>221.7</ele><time>2025-06-14T09:06:45Z</time></trkpt>
      <trkpt lat="50.004562" lon="14.385991"><ele>221.8</ele><time>2025-06-14T09:06:47Z</time></trkpt>
      <trkpt lat="50.004493" lon="14.385900"><ele>221.9</ele><time>2025-06-14T09:06:49Z</time></trkpt>
      <trkpt lat="50.004424" lon="14.385808"><ele>222.0</ele><time>2025-06-14T09:06:50Z</time></trkpt>
      <trkpt lat="50.004354" lon="14.385716"><ele>222.8</ele><time>2025-06-14T09:06:53Z</time></trkpt>
      <trkpt lat="50.004285" lon="14.385625"><ele>223.5</ele><time>2025-06-14T09:06:56Z</time></trkpt>
      <trkpt lat="50.004216" lon="14.385533"><ele>224.3</ele><time>2025-06-14T09:06:59Z</time></trkpt>
      <trkpt lat="50.004147" lon="14.385441"><ele>225.1</ele><time>2025-06-14T09:07:02Z</time></trkpt>
      <trkpt lat="50.004076" lon="14.385346"><ele>225.8</ele><time>2025-06-14T09:07:05Z</time></trkpt>
      <trkpt lat="50.004006" lon="14.385251"><ele>226.6</ele><time>2025-06-14T09:07:08Z</time></trkpt>
      <trkpt lat="50.003935" lon="14.385155"><ele>227.4</ele><time>2025-06-14T09:07:11Z</time></trkpt>
      <trkpt lat="50.003864" lon="14.385060"><ele>228.2</ele><time>2025-06-14T09:07:14Z</time></trkpt>
      <trkpt lat="50.003793" lon="14.384965"><ele>229.0</ele><time>2025-06-14T09:07:17Z</time></trkpt>
      <trkpt lat="50.003723" lon="14.384870"><ele>226.6</ele><time>2025-06-14T09:07:18Z</time></trkpt>
      <trkpt lat="50.003652" lon="14.384775"><ele>224.1</ele><time>2025-06-14T09:07:19Z</time></trkpt>
      <trkpt lat="50.003581" lon="14.384679"><ele>221.7</ele><time>2025-06-14T09:07:20Z</time></trkpt>
      <trkpt lat="50.003510" lon="14.384584"><ele>219.2</ele><time>2025-06-14T09:07:21Z</time></trkpt>
      <trkpt lat="50.003440" lon="14.384489"><ele>216.8</ele><time>2025-06-14T09:07:22Z</time></trkpt>
      <trkpt lat="50.003369" lon="14.384394"><ele>214.3</ele><time>2025-06-14T09:07:22Z</time></trkpt>
      <trkpt lat="50.003298" lon="14.384299"><ele>211.9</ele><time>2025-06-14T09:07:23Z</time></trkpt>
      <trkpt lat="50.003227" lon="14.384203"><ele>209.4</ele><time>2025-06-14T09:07:24Z</time></trkpt>
      <trkpt lat="50.003157" lon="14.384108"><ele>207.0</ele><time>2025-06-14T09:07:25Z</time></trkpt>
      <trkpt lat="50.003086" lon="14.384013"><ele>211.4</ele><time>2025-06-14T09:07:29Z</time></trkpt>
      <trkpt lat="50.003022" lon="14.383931"><ele>215.3</ele><time>2025-06-14T09:07:33Z</time></trkpt>
      <trkpt lat="50.002948" lon="14.383829"><ele>220.0</ele><time>2025-06-14T09:07:37Z</time></trkpt>
      <trkpt lat="50.002873" lon="14.383727"><ele>224.7</ele><time>2025-06-14T09:07:41Z</time></trkpt>
      <trkpt lat="50.002799" lon="14.383625"><ele>229.3</ele><time>2025-06-14T09:07:46Z</time></trkpt>
      <trkpt lat="50.002725" lon="14.383523"><ele>234.0</ele><time>2025-06-14T09:07:50Z</time></trkpt>
      <trkpt lat="50.002651" lon="14.383420"><ele>238.7</ele><time>2025-06-14T09:07:55Z</time></trkpt>
      <trkpt lat="50.002577" lon="14.383318"><ele>243.3</ele><time>2025-06-14T09:07:59Z</time></trkpt>
      <trkpt lat="50.002502" lon="14.383216"><ele>248.0</ele><time>2025-06-14T09:08:04Z</time></trkpt>
      <trkpt lat="50.002428" lon="14.383114"><ele>248.5</ele><time>2025-06-14T09:08:06Z</time></trkpt>
      <trkpt lat="50.002349" lon="14.383019"><ele>249.0</ele><time>2025-06-14T09:08:08Z</time></trkpt>
      <trkpt lat="50.002270" lon="14.382925"><ele>249.6</ele><time>2025-06-14T09:08:11Z</time></trkpt>
      <trkpt lat="50.002191" lon="14.382830"><ele>250.1</ele><time>2025-06-14T09:08:13Z</time></trkpt>
      <trkpt lat="50.002113" lon="14.382736"><ele>250.6</ele><time>2025-06-14T09:08:16Z</time></trkpt>
      <trkpt lat="50.002034" lon="14.382641"><ele>251.1</ele><time>2025-06-14T09:08:18Z</time></trkpt>
      <trkpt lat="50.001955" lon="14.382547"><ele>251.7</ele><time>2025-06-14T09:08:21Z</time></trkpt>
      <trkpt lat="50.001876" lon="14.382452"><ele>252.2</ele><time>2025-06-14T09:08:23Z</time></trkpt>
      <trkpt lat="50.001749" lon="14.382309"><ele>253.0</ele><time>2025-06-14T09:08:27Z</time></trkpt>
      <trkpt lat="50.001643" lon="14.382199"><ele>248.8</ele><time>2025-06-14T09:08:28Z</time></trkpt>
      <trkpt lat="50.001537" lon="14.382089"><ele>244.7</ele><time>2025-06-14T09:08:29Z</time></trkpt>
      <trkpt lat="50.001449" lon="14.382008"><ele>241.4</ele><time>2025-06-14T09:08:30Z</time></trkpt>
      <trkpt lat="50.001361" lon="14.381927"><ele>238.0</ele><time>2025-06-14T09:08:31Z</time></trkpt>
      <trkpt lat="50.001274" lon="14.381847"><ele>234.7</ele><time>2025-06-14T09:08:32Z</time></trkpt>
      <trkpt lat="50.001186" lon="14.381766"><ele>231.4</ele><time>2025-06-14T09:08:33Z</time></trkpt>
      <trkpt lat="50.001098" lon="14.381685"><ele>228.1</ele><time>2025-06-14T09:08:34Z</time></trkpt>
      <trkpt lat="50.001017" lon="14.381612"><ele>225.0</ele><time>2025-06-14T09:08:35Z</time></trkpt>
      <trkpt lat="50.000936" lon="14.381540"><ele>222.0</ele><time>2025-06-14T09:08:36Z</time></trkpt>
      <trkpt lat="50.000856" lon="14.381467"><ele>222.7</ele><time>2025-06-14T09:08:39Z</time></trkpt>
      <trkpt lat="50.000775" lon="14.381395"><ele>223.4</ele><time>2025-06-14T09:08:42Z</time></trkpt>
      <trkpt lat="50.000620" lon="14.381263"><ele>224.7</ele><time>2025-06-14T09:08:48Z</time></trkpt>
      <trkpt lat="50.000535" lon="14.381191"><ele>225.4</ele><time>2025-06-14T09:08:51Z</time></trkpt>
      <trkpt lat="50.000450" lon="14.381119"><ele>226.1</ele><time>2025-06-14T09:08:54Z</time></trkpt>
      <trkpt lat="50.000363" lon="14.381053"><ele>226.9</ele><time>2025-06-14T09:08:57Z</time></trkpt>
      <trkpt lat="50.000277" lon="14.380987"><ele>227.6</ele><time>2025-06-14T09:09:00Z</time></trkpt>
      <trkpt lat="50.000190" lon="14.380921"><ele>228.3</ele><time>2025-06-14T09:09:03Z</time></trkpt>
      <trkpt lat="50.000103" lon="14.380855"><ele>229.0</ele><time>2025-06-14T09:09:07Z</time></trkpt>
      <trkpt lat="50.000017" lon="14.380789"><ele>227.4</ele><time>2025-06-14T09:09:08Z</time></trkpt>
      <trkpt lat="49.999930" lon="14.380723"><ele>225.9</ele><time>2025-06-14T09:09:08Z</time></trkpt>
      <trkpt lat="49.999844" lon="14.380657"><ele>224.3</ele><time>2025-06-14T09:09:09Z</time></trkpt>
      <trkpt lat="49.999757" lon="14.380591"><ele>222.8</ele><time>2025-06-14T09:09:10Z</time></trkpt>
      <trkpt lat="49.999670" lon="14.380525"><ele>221.2</ele><time>2025-06-14T09:09:11Z</time></trkpt>
      <trkpt lat="49.999584" lon="14.380459"><ele>219.7</ele><time>2025-06-14T09:09:12Z</time></trkpt>
      <trkpt lat="49.999497" lon="14.380393"><ele>218.1</ele><time>2025-06-14T09:09:13Z</time></trkpt>
      <trkpt lat="49.999411" lon="14.380328"><ele>216.5</ele><time>2025-06-14T09:09:14Z</time></trkpt>
      <trkpt lat="49.999325" lon="14.380262"><ele>215.0</ele><time>2025-06-14T09:09:14Z</time></trkpt>
      <trkpt lat="49.999238" lon="14.380197"><ele>215.9</ele><time>2025-06-14T09:09:19Z</time></trkpt>
      <trkpt lat="49.999152" lon="14.380131"><ele>216.8</ele><time>2025-06-14T09:09:23Z</time></trkpt>
      <trkpt lat="49.999066" lon="14.380066"><ele>217.6</ele><time>2025-06-14T09:09:27Z</time></trkpt>
      <trkpt lat="49.998980" lon="14.380001"><ele>218.5</ele><time>2025-06-14T09:09:31Z</time></trkpt>
      <trkpt lat="49.998894" lon="14.379935"><ele>219.4</ele><time>2025-06-14T09:09:36Z</time></trkpt>
      <trkpt lat="49.998807" lon="14.379870"><ele>220.3</ele><time>2025-06-14T09:09:40Z</time></trkpt>
      <trkpt lat="49.998721" lon="14.379804"><ele>221.2</ele><time>2025-06-14T09:09:44Z</time></trkpt>
      <trkpt lat="49.998635" lon="14.379739"><ele>222.0</ele><time>2025-06-14T09:09:48Z</time></trkpt>
      <trkpt lat="49.998540" lon="14.379667"><ele>223.0</ele><time>2025-06-14T09:09:53Z</time></trkpt>
      <trkpt lat="49.998445" lon="14.379594"><ele>224.5</ele><time>2025-06-14T09:09:58Z</time></trkpt>
      <trkpt lat="49.998361" lon="14.379531"><ele>225.8</ele><time>2025-06-14T09:10:02Z</time></trkpt>
      <trkpt lat="49.998277" lon="14.379468"><ele>227.1</ele><time>2025-06-14T09:10:06Z</time></trkpt>
      <trkpt lat="49.998193" lon="14.379405"><ele>228.4</ele><time>2025-06-14T09:10:10Z</time></trkpt>
      <trkpt lat="49.998109" lon="14.379341"><ele>229.7</ele><time>2025-06-14T09:10:14Z</time></trkpt>
      <trkpt lat="49.998025" lon="14.379278"><ele>231.0</ele><time>2025-06-14T09:10:19Z</time></trkpt>
      <trkpt lat="49.997941" lon="14.379215"><ele>232.3</ele><time>2025-06-14T09:10:23Z</time></trkpt>
      <trkpt lat="49.997857" lon="14.379152"><ele>233.6</ele><time>2025-06-14T09:10:27Z</time></trkpt>
      <trkpt lat="49.997766" lon="14.379080"><ele>235.0</ele><time>2025-06-14T09:10:31Z</time></trkpt>
      <trkpt lat="49.997676" lon="14.379007"><ele>232.1</ele><time>2025-06-14T09:10:32Z</time></trkpt>
      <trkpt lat="49.997585" lon="14.378935"><ele>229.1</ele><time>2025-06-14T09:10:33Z</time></trkpt>
      <trkpt lat="49.997495" lon="14.378862"><ele>226.2</ele><time>2025-06-14T09:10:34Z</time></trkpt>
      <trkpt lat="49.997404" lon="14.378790"><ele>223.2</ele><time>2025-06-14T09:10:35Z</time></trkpt>
      <trkpt lat="49.997319" lon="14.378721"><ele>220.5</ele><time>2025-06-14T09:10:36Z</time></trkpt>
      <trkpt lat="49.997233" lon="14.378652"><ele>217.7</ele><time>2025-06-14T09:10:37Z</time></trkpt>
      <trkpt lat="49.997144" lon="14.378580"><ele>214.8</ele><time>2025-06-14T09:10:38Z</time></trkpt>
      <trkpt lat="49.997055" lon="14.378508"><ele>211.9</ele><time>2025-06-14T09:10:39Z</time></trkpt>
      <trkpt lat="49.996966" lon="14.378436"><ele>209.0</ele><time>2025-06-14T09:10:39Z</time></trkpt>
      <trkpt lat="49.996877" lon="14.378365"><ele>209.5</ele><time>2025-06-14T09:10:42Z</time></trkpt>
      <trkpt lat="49.996788" lon="14.378293"><ele>210.0</ele><time>2025-06-14T09:10:45Z</time></trkpt>
      <trkpt lat="49.996699" lon="14.378221"><ele>210.5</ele><time>2025-06-14T09:10:48Z</time></trkpt>
      <trkpt lat="49.996610" lon="14.378149"><ele>211.1</ele><time>2025-06-14T09:10:50Z</time></trkpt>
      <trkpt lat="49.996483" lon="14.378036"><ele>211.8</ele><time>2025-06-14T09:10:54Z</time></trkpt>
      <trkpt lat="49.996388" lon="14.377958"><ele>212.4</ele><time>2025-06-14T09:10:57Z</time></trkpt>
      <trkpt lat="49.996294" lon="14.377879"><ele>212.9</ele><time>2025-06-14T09:11:00Z</time></trkpt>
      <trkpt lat="49.996199" lon="14.377801"><ele>213.5</ele><time>2025-06-14T09:11:03Z</time></trkpt>
      <trkpt lat="49.996105" lon="14.377722"><ele>214.0</ele><time>2025-06-14T09:11:06Z</time></trkpt>
      <trkpt lat="49.996010" lon="14.377644"><ele>214.3</ele><time>2025-06-14T09:11:08Z</time></trkpt>
      <trkpt lat="49.995901" lon="14.377550"><ele>214.7</ele><time>2025-06-14T09:11:11Z</time></trkpt>
      <trkpt lat="49.995792" lon="14.377455"><ele>215.0</ele><time>2025-06-14T09:11:14Z</time></trkpt>
      <trkpt lat="49.995699" lon="14.377364"><ele>215.4</ele><time>2025-06-14T09:11:16Z</time></trkpt>
      <trkpt lat="49.995606" lon="14.377274"><ele>215.7</ele><time>2025-06-14T09:11:19Z</time></trkpt>
      <trkpt lat="49.995515" lon="14.377168"><ele>216.0</ele><time>2025-06-14T09:11:21Z</time></trkpt>
      <trkpt lat="49.995425" lon="14.377062"><ele>216.4</ele><time>2025-06-14T09:11:24Z</time></trkpt>
      <trkpt lat="49.995334" lon="14.376956"><ele>216.7</ele><time>2025-06-14T09:11:26Z</time></trkpt>
      <trkpt lat="49.995254" lon="14.376850"><ele>217.0</ele><time>2025-06-14T09:11:28Z</time></trkpt>
      <trkpt lat="49.995175" lon="14.376745"><ele>216.2</ele><time>2025-06-14T09:11:30Z</time></trkpt>
      <trkpt lat="49.995095" lon="14.376639"><ele>215.3</ele><time>2025-06-14T09:11:31Z</time></trkpt>
      <trkpt lat="49.995015" lon="14.376534"><ele>214.5</ele><time>2025-06-14T09:11:32Z</time></trkpt>
      <trkpt lat="49.994944" lon="14.376438"><ele>213.7</ele><time>2025-06-14T09:11:33Z</time></trkpt>
      <trkpt lat="49.994873" lon="14.376342"><ele>213.0</ele><time>2025-06-14T09:11:34Z</time></trkpt>
      <trkpt lat="49.994802" lon="14.376246"><ele>212.2</ele><time>2025-06-14T09:11:35Z</time></trkpt>
      <trkpt lat="49.994731" lon="14.376150"><ele>211.5</ele><time>2025-06-14T09:11:36Z</time></trkpt>
      <trkpt lat="49.994660" lon="14.376054"><ele>210.7</ele><time>2025-06-14T09:11:38Z</time></trkpt>
      <trkpt lat="49.994589" lon="14.375959"><ele>210.0</ele><time>2025-06-14T09:11:39Z</time></trkpt>
      <trkpt lat="49.994518" lon="14.375863"><ele>209.1</ele><time>2025-06-14T09:11:40Z</time></trkpt>
      <trkpt lat="49.994447" lon="14.375767"><ele>208.2</ele><time>2025-06-14T09:11:41Z</time></trkpt>
      <trkpt lat="49.994376" lon="14.375671"><ele>207.3</ele><time>2025-06-14T09:11:42Z</time></trkpt>
      <trkpt lat="49.994305" lon="14.375575"><ele>206.4</ele><time>2025-06-14T09:11:43Z</time></trkpt>
      <trkpt lat="49.994259" lon="14.375517"><ele>205.9</ele><time>2025-06-14T09:11:43Z</time></trkpt>
      <trkpt lat="49.994193" lon="14.375434"><ele>205.1</ele><time>2025-06-14T09:11:44Z</time></trkpt>
      <trkpt lat="49.994130" lon="14.375416"><ele>204.4</ele><time>2025-06-14T09:11:45Z</time></trkpt>
      <trkpt lat="49.994136" lon="14.375378"><ele>204.2</ele><time>2025-06-14T09:11:45Z</time></trkpt>
      <trkpt lat="49.994130" lon="14.375346"><ele>204.0</ele><time>2025-06-14T09:11:45Z</time></trkpt>
      <trkpt lat="49.994057" lon="14.375249"><ele>206.8</ele><time>2025-06-14T09:11:50Z</time></trkpt>
      <trkpt lat="49.993983" lon="14.375152"><ele>209.6</ele><time>2025-06-14T09:11:54Z</time></trkpt>
      <trkpt lat="49.993910" lon="14.375055"><ele>212.3</ele><time>2025-06-14T09:11:58Z</time></trkpt>
      <trkpt lat="49.993837" lon="14.374958"><ele>215.1</ele><time>2025-06-14T09:12:03Z</time></trkpt>
      <trkpt lat="49.993764" lon="14.374861"><ele>217.9</ele><time>2025-06-14T09:12:07Z</time></trkpt>
      <trkpt lat="49.993690" lon="14.374763"><ele>220.7</ele><time>2025-06-14T09:12:11Z</time></trkpt>
      <trkpt lat="49.993617" lon="14.374666"><ele>223.4</ele><time>2025-06-14T09:12:15Z</time></trkpt>
      <trkpt lat="49.993544" lon="14.374569"><ele>226.2</ele><time>2025-06-14T09:12:20Z</time></trkpt>
      <trkpt lat="49.993471" lon="14.374472"><ele>229.0</ele><time>2025-06-14T09:12:24Z</time></trkpt>
      <trkpt lat="49.993397" lon="14.374375"><ele>228.2</ele><time>2025-06-14T09:12:25Z</time></trkpt>
      <trkpt lat="49.993324" lon="14.374278"><ele>227.4</ele><time>2025-06-14T09:12:26Z</time></trkpt>
      <trkpt lat="49.993252" lon="14.374184"><ele>226.6</ele><time>2025-06-14T09:12:27Z</time></trkpt>
      <trkpt lat="49.993180" lon="14.374089"><ele>225.9</ele><time>2025-06-14T09:12:28Z</time></trkpt>
      <trkpt lat="49.993108" lon="14.373995"><ele>225.1</ele><time>2025-06-14T09:12:29Z</time></trkpt>
      <trkpt lat="49.993036" lon="14.373900"><ele>224.3</ele><time>2025-06-14T09:12:30Z</time></trkpt>
      <trkpt lat="49.992964" lon="14.373806"><ele>223.5</ele><time>2025-06-14T09:12:31Z</time></trkpt>
      <trkpt lat="49.992892" lon="14.373711"><ele>222.8</ele><time>2025-06-14T09:12:32Z</time></trkpt>
      <trkpt lat="49.992821" lon="14.373617"><ele>222.0</ele><time>2025-06-14T09:12:33Z</time></trkpt>
      <trkpt lat="49.992749" lon="14.373522"><ele>221.1</ele><time>2025-06-14T09:12:34Z</time></trkpt>
      <trkpt lat="49.992677" lon="14.373428"><ele>220.2</ele><time>2025-06-14T09:12:35Z</time></trkpt>
      <trkpt lat="49.992605" lon="14.373333"><ele>219.3</ele><time>2025-06-14T09:12:36Z</time></trkpt>
      <trkpt lat="49.992533" lon="14.373239"><ele>218.4</ele><time>2025-06-14T09:12:37Z</time></trkpt>
      <trkpt lat="49.992461" lon="14.373144"><ele>217.5</ele><time>2025-06-14T09:12:38Z</time></trkpt>
      <trkpt lat="49.992389" lon="14.373050"><ele>216.6</ele><time>2025-06-14T09:12:39Z</time></trkpt>
      <trkpt lat="49.992317" lon="14.372958"><ele>215.8</ele><time>2025-06-14T09:12:40Z</time></trkpt>
      <trkpt lat="49.992246" lon="14.372867"><ele>214.9</ele><time>2025-06-14T09:12:41Z</time></trkpt>
      <trkpt lat="49.992174" lon="14.372775"><ele>214.0</ele><time>2025-06-14T09:12:42Z</time></trkpt>
      <trkpt lat="49.992102" lon="14.372684"><ele>213.6</ele><time>2025-06-14T09:12:44Z</time></trkpt>
      <trkpt lat="49.992031" lon="14.372592"><ele>213.1</ele><time>2025-06-14T09:12:45Z</time></trkpt>
      <trkpt lat="49.991959" lon="14.372501"><ele>212.7</ele><time>2025-06-14T09:12:46Z</time></trkpt>
      <trkpt lat="49.991887" lon="14.372409"><ele>212.2</ele><time>2025-06-14T09:12:47Z</time></trkpt>
      <trkpt lat="49.991815" lon="14.372318"><ele>211.8</ele><time>2025-06-14T09:12:48Z</time></trkpt>
      <trkpt lat="49.991744" lon="14.372226"><ele>211.3</ele><time>2025-06-14T09:12:50Z</time></trkpt>
      <trkpt lat="49.991672" lon="14.372135"><ele>210.9</ele><time>2025-06-14T09:12:51Z</time></trkpt>
      <trkpt lat="49.991600" lon="14.372043"><ele>210.4</ele><time>2025-06-14T09:12:52Z</time></trkpt>
      <trkpt lat="49.991529" lon="14.371952"><ele>210.0</ele><time>2025-06-14T09:12:53Z</time></trkpt>
      <trkpt lat="49.991457" lon="14.371860"><ele>212.1</ele><time>2025-06-14T09:12:57Z</time></trkpt>
      <trkpt lat="49.991385" lon="14.371767"><ele>214.2</ele><time>2025-06-14T09:13:01Z</time></trkpt>
      <trkpt lat="49.991313" lon="14.371674"><ele>216.3</ele><time>2025-06-14T09:13:05Z</time></trkpt>
      <trkpt lat="49.991241" lon="14.371581"><ele>218.4</ele><time>2025-06-14T09:13:10Z</time></trkpt>
      <trkpt lat="49.991170" lon="14.371488"><ele>220.5</ele><time>2025-06-14T09:13:14Z</time></trkpt>
      <trkpt lat="49.991098" lon="14.371395"><ele>222.7</ele><time>2025-06-14T09:13:18Z</time></trkpt>
      <trkpt lat="49.991026" lon="14.371302"><ele>224.8</ele><time>2025-06-14T09:13:22Z</time></trkpt>
      <trkpt lat="49.990954" lon="14.371210"><ele>226.9</ele><time>2025-06-14T09:13:26Z</time></trkpt>
      <trkpt lat="49.990882" lon="14.371117"><ele>229.0</ele><time>2025-06-14T09:13:30Z</time></trkpt>
      <trkpt lat="49.990810" lon="14.371024"><ele>228.1</ele><time>2025-06-14T09:13:31Z</time></trkpt>
      <trkpt lat="49.990739" lon="14.370931"><ele>227.2</ele><time>2025-06-14T09:13:32Z</time></trkpt>
      <trkpt lat="49.990667" lon="14.370838"><ele>226.3</ele><time>2025-06-14T09:13:33Z</time></trkpt>
      <trkpt lat="49.990595" lon="14.370745"><ele>225.4</ele><time>2025-06-14T09:13:34Z</time></trkpt>
      <trkpt lat="49.990523" lon="14.370652"><ele>224.5</ele><time>2025-06-14T09:13:35Z</time></trkpt>
      <trkpt lat="49.990452" lon="14.370562"><ele>223.6</ele><time>2025-06-14T09:13:36Z</time></trkpt>
      <trkpt lat="49.990381" lon="14.370471"><ele>222.8</ele><time>2025-06-14T09:13:37Z</time></trkpt>
      <trkpt lat="49.990310" lon="14.370381"><ele>221.9</ele><time>2025-06-14T09:13:38Z</time></trkpt>
      <trkpt lat="49.990240" lon="14.370291"><ele>221.0</ele><time>2025-06-14T09:13:39Z</time></trkpt>
      <trkpt lat="49.990169" lon="14.370201"><ele>220.2</ele><time>2025-06-14T09:13:40Z</time></trkpt>
      <trkpt lat="49.990098" lon="14.370110"><ele>219.3</ele><time>2025-06-14T09:13:41Z</time></trkpt>
      <trkpt lat="49.990027" lon="14.370020"><ele>218.5</ele><time>2025-06-14T09:13:42Z</time></trkpt>
      <trkpt lat="49.989943" lon="14.369910"><ele>217.5</ele><time>2025-06-14T09:13:43Z</time></trkpt>
      <trkpt lat="49.989860" lon="14.369800"><ele>216.5</ele><time>2025-06-14T09:13:44Z</time></trkpt>
      <trkpt lat="49.989784" lon="14.369708"><ele>215.6</ele><time>2025-06-14T09:13:45Z</time></trkpt>
      <trkpt lat="49.989708" lon="14.369616"><ele>214.8</ele><time>2025-06-14T09:13:46Z</time></trkpt>
      <trkpt lat="49.989631" lon="14.369525"><ele>213.9</ele><time>2025-06-14T09:13:47Z</time></trkpt>
      <trkpt lat="49.989555" lon="14.369433"><ele>213.0</ele><time>2025-06-14T09:13:48Z</time></trkpt>
      <trkpt lat="49.989479" lon="14.369341"><ele>212.0</ele><time>2025-06-14T09:13:49Z</time></trkpt>
      <trkpt lat="49.989403" lon="14.369249"><ele>210.9</ele><time>2025-06-14T09:13:50Z</time></trkpt>
      <trkpt lat="49.989326" lon="14.369158"><ele>209.9</ele><time>2025-06-14T09:13:51Z</time></trkpt>
      <trkpt lat="49.989250" lon="14.369066"><ele>208.9</ele><time>2025-06-14T09:13:52Z</time></trkpt>
      <trkpt lat="49.989174" lon="14.368974"><ele>207.9</ele><time>2025-06-14T09:13:53Z</time></trkpt>
      <trkpt lat="49.989100" lon="14.368891"><ele>206.9</ele><time>2025-06-14T09:13:54Z</time></trkpt>
      <trkpt lat="49.989026" lon="14.368808"><ele>205.9</ele><time>2025-06-14T09:13:55Z</time></trkpt>
      <trkpt lat="49.988952" lon="14.368725"><ele>205.0</ele><time>2025-06-14T09:13:55Z</time></trkpt>
      <trkpt lat="49.988879" lon="14.368643"><ele>204.0</ele><time>2025-06-14T09:13:56Z</time></trkpt>
      <trkpt lat="49.988805" lon="14.368560"><ele>203.7</ele><time>2025-06-14T09:13:57Z</time></trkpt>
      <trkpt lat="49.988731" lon="14.368477"><ele>203.3</ele><time>2025-06-14T09:13:59Z</time></trkpt>
      <trkpt lat="49.988657" lon="14.368394"><ele>203.0</ele><time>2025-06-14T09:14:00Z</time></trkpt>
      <trkpt lat="49.988583" lon="14.368311"><ele>202.7</ele><time>2025-06-14T09:14:01Z</time></trkpt>
      <trkpt lat="49.988509" lon="14.368228"><ele>202.3</ele><time>2025-06-14T09:14:02Z</time></trkpt>
      <trkpt lat="49.988435" lon="14.368145"><ele>202.0</ele><time>2025-06-14T09:14:03Z</time></trkpt>
      <trkpt lat="49.988362" lon="14.368063"><ele>201.7</ele><time>2025-06-14T09:14:05Z</time></trkpt>
      <trkpt lat="49.988288" lon="14.367980"><ele>201.3</ele><time>2025-06-14T09:14:06Z</time></trkpt>
      <trkpt lat="49.988214" lon="14.367897"><ele>201.0</ele><time>2025-06-14T09:14:07Z</time></trkpt>
      <trkpt lat="49.988140" lon="14.367814"><ele>202.8</ele><time>2025-06-14T09:14:11Z</time></trkpt>
      <trkpt lat="49.988185" lon="14.367719"><ele>204.2</ele><time>2025-06-14T09:14:14Z</time></trkpt>
      <trkpt lat="49.988278" lon="14.367524"><ele>207.3</ele><time>2025-06-14T09:14:21Z</time></trkpt>
      <trkpt lat="49.988345" lon="14.367403"><ele>209.3</ele><time>2025-06-14T09:14:26Z</time></trkpt>
      <trkpt lat="49.988413" lon="14.367282"><ele>211.2</ele><time>2025-06-14T09:14:30Z</time></trkpt>
      <trkpt lat="49.988480" lon="14.367161"><ele>213.2</ele><time>2025-06-14T09:14:35Z</time></trkpt>
      <trkpt lat="49.988492" lon="14.367123"><ele>213.8</ele><time>2025-06-14T09:14:36Z</time></trkpt>
      <trkpt lat="49.988498" lon="14.367075"><ele>214.4</ele><time>2025-06-14T09:14:38Z</time></trkpt>
      <trkpt lat="49.988494" lon="14.367025"><ele>215.0</ele><time>2025-06-14T09:14:39Z</time></trkpt>
      <trkpt lat="49.988482" lon="14.366964"><ele>214.6</ele><time>2025-06-14T09:14:39Z</time></trkpt>
      <trkpt lat="49.988445" lon="14.366890"><ele>214.1</ele><time>2025-06-14T09:14:40Z</time></trkpt>
      <trkpt lat="49.988372" lon="14.366818"><ele>213.4</ele><time>2025-06-14T09:14:41Z</time></trkpt>
      <trkpt lat="49.988294" lon="14.366734"><ele>212.6</ele><time>2025-06-14T09:14:42Z</time></trkpt>
      <trkpt lat="49.988216" lon="14.366650"><ele>211.8</ele><time>2025-06-14T09:14:43Z</time></trkpt>
      <trkpt lat="49.988138" lon="14.366567"><ele>210.9</ele><time>2025-06-14T09:14:44Z</time></trkpt>
      <trkpt lat="49.988060" lon="14.366483"><ele>210.1</ele><time>2025-06-14T09:14:45Z</time></trkpt>
      <trkpt lat="49.987982" lon="14.366399"><ele>209.3</ele><time>2025-06-14T09:14:46Z</time></trkpt>
      <trkpt lat="49.987885" lon="14.366217"><ele>208.0</ele><time>2025-06-14T09:14:48Z</time></trkpt>
      <trkpt lat="49.987819" lon="14.366003"><ele>208.5</ele><time>2025-06-14T09:14:50Z</time></trkpt>
      <trkpt lat="49.987792" lon="14.365862"><ele>208.8</ele><time>2025-06-14T09:14:52Z</time></trkpt>
      <trkpt lat="49.987766" lon="14.365721"><ele>209.1</ele><time>2025-06-14T09:14:54Z</time></trkpt>
      <trkpt lat="49.987739" lon="14.365580"><ele>209.4</ele><time>2025-06-14T09:14:56Z</time></trkpt>
      <trkpt lat="49.987713" lon="14.365438"><ele>209.8</ele><time>2025-06-14T09:14:58Z</time></trkpt>
      <trkpt lat="49.987686" lon="14.365297"><ele>210.1</ele><time>2025-06-14T09:15:00Z</time></trkpt>
      <trkpt lat="49.987659" lon="14.365156"><ele>210.4</ele><time>2025-06-14T09:15:02Z</time></trkpt>
      <trkpt lat="49.987633" lon="14.365015"><ele>210.7</ele><time>2025-06-14T09:15:03Z</time></trkpt>
      <trkpt lat="49.987606" lon="14.364874"><ele>211.0</ele><time>2025-06-14T09:15:05Z</time></trkpt>
      <trkpt lat="49.987580" lon="14.364726"><ele>210.8</ele><time>2025-06-14T09:15:07Z</time></trkpt>
      <trkpt lat="49.987554" lon="14.364578"><ele>210.5</ele><time>2025-06-14T09:15:08Z</time></trkpt>
      <trkpt lat="49.987528" lon="14.364431"><ele>210.3</ele><time>2025-06-14T09:15:09Z</time></trkpt>
      <trkpt lat="49.987502" lon="14.364283"><ele>210.1</ele><time>2025-06-14T09:15:11Z</time></trkpt>
      <trkpt lat="49.987476" lon="14.364135"><ele>209.9</ele><time>2025-06-14T09:15:12Z</time></trkpt>
      <trkpt lat="49.987448" lon="14.363996"><ele>209.6</ele><time>2025-06-14T09:15:13Z</time></trkpt>
      <trkpt lat="49.987419" lon="14.363858"><ele>209.4</ele><time>2025-06-14T09:15:15Z</time></trkpt>
      <trkpt lat="49.987391" lon="14.363719"><ele>209.2</ele><time>2025-06-14T09:15:16Z</time></trkpt>
      <trkpt lat="49.987362" lon="14.363580"><ele>209.0</ele><time>2025-06-14T09:15:17Z</time></trkpt>
      <trkpt lat="49.987333" lon="14.363442"><ele>209.0</ele><time>2025-06-14T09:15:19Z</time></trkpt>
      <trkpt lat="49.987305" lon="14.363303"><ele>209.0</ele><time>2025-06-14T09:15:20Z</time></trkpt>
      <trkpt lat="49.987253" lon="14.363159"><ele>209.0</ele><time>2025-06-14T09:15:22Z</time></trkpt>
      <trkpt lat="49.987203" lon="14.363026"><ele>209.0</ele><time>2025-06-14T09:15:24Z</time></trkpt>
      <trkpt lat="49.987153" lon="14.362893"><ele>209.0</ele><time>2025-06-14T09:15:25Z</time></trkpt>
      <trkpt lat="49.987143" lon="14.362867"><ele>209.0</ele><time>2025-06-14T09:15:25Z</time></trkpt>
      <trkpt lat="49.987094" lon="14.362730"><ele>209.0</ele><time>2025-06-14T09:15:27Z</time></trkpt>
      <trkpt lat="49.987042" lon="14.362607"><ele>209.0</ele><time>2025-06-14T09:15:29Z</time></trkpt>
      <trkpt lat="49.986989" lon="14.362485"><ele>209.0</ele><time>2025-06-14T09:15:30Z</time></trkpt>
      <trkpt lat="49.986937" lon="14.362362"><ele>208.8</ele><time>2025-06-14T09:15:31Z</time></trkpt>
      <trkpt lat="49.986884" lon="14.362239"><ele>208.6</ele><time>2025-06-14T09:15:33Z</time></trkpt>
      <trkpt lat="49.986832" lon="14.362116"><ele>208.3</ele><time>2025-06-14T09:15:34Z</time></trkpt>
      <trkpt lat="49.986779" lon="14.361994"><ele>208.1</ele><time>2025-06-14T09:15:35Z</time></trkpt>
      <trkpt lat="49.986727" lon="14.361871"><ele>207.9</ele><time>2025-06-14T09:15:37Z</time></trkpt>
      <trkpt lat="49.986674" lon="14.361748"><ele>207.7</ele><time>2025-06-14T09:15:38Z</time></trkpt>
      <trkpt lat="49.986622" lon="14.361625"><ele>207.4</ele><time>2025-06-14T09:15:39Z</time></trkpt>
      <trkpt lat="49.986569" lon="14.361503"><ele>207.2</ele><time>2025-06-14T09:15:41Z</time></trkpt>
      <trkpt lat="49.986517" lon="14.361380"><ele>207.0</ele><time>2025-06-14T09:15:42Z</time></trkpt>
      <trkpt lat="49.986466" lon="14.361264"><ele>207.0</ele><time>2025-06-14T09:15:44Z</time></trkpt>
      <trkpt lat="49.986414" lon="14.361149"><ele>207.0</ele><time>2025-06-14T09:15:45Z</time></trkpt>
      <trkpt lat="49.986363" lon="14.361033"><ele>207.0</ele><time>2025-06-14T09:15:46Z</time></trkpt>
      <trkpt lat="49.986311" lon="14.360918"><ele>207.0</ele><time>2025-06-14T09:15:48Z</time></trkpt>
      <trkpt lat="49.986260" lon="14.360802"><ele>207.0</ele><time>2025-06-14T09:15:49Z</time></trkpt>
      <trkpt lat="49.986215" lon="14.360689"><ele>207.0</ele><time>2025-06-14T09:15:51Z</time></trkpt>
      <trkpt lat="49.986157" lon="14.360545"><ele>207.0</ele><time>2025-06-14T09:15:53Z</time></trkpt>
      <trkpt lat="49.986098" lon="14.360402"><ele>207.0</ele><time>2025-06-14T09:15:54Z</time></trkpt>
      <trkpt lat="49.986040" lon="14.360258"><ele>207.0</ele><time>2025-06-14T09:15:56Z</time></trkpt>
      <trkpt lat="49.985982" lon="14.360114"><ele>206.8</ele><time>2025-06-14T09:15:58Z</time></trkpt>
      <trkpt lat="49.985946" lon="14.360019"><ele>206.6</ele><time>2025-06-14T09:15:59Z</time></trkpt>
      <trkpt lat="49.985895" lon="14.359878"><ele>206.4</ele><time>2025-06-14T09:16:00Z</time></trkpt>
      <trkpt lat="49.985847" lon="14.359745"><ele>206.1</ele><time>2025-06-14T09:16:02Z</time></trkpt>
      <trkpt lat="49.985798" lon="14.359612"><ele>205.9</ele><time>2025-06-14T09:16:03Z</time></trkpt>
      <trkpt lat="49.985749" lon="14.359478"><ele>205.7</ele><time>2025-06-14T09:16:04Z</time></trkpt>
      <trkpt lat="49.985701" lon="14.359345"><ele>205.5</ele><time>2025-06-14T09:16:06Z</time></trkpt>
      <trkpt lat="49.985653" lon="14.359212"><ele>205.2</ele><time>2025-06-14T09:16:07Z</time></trkpt>
      <trkpt lat="49.985604" lon="14.359079"><ele>205.0</ele><time>2025-06-14T09:16:09Z</time></trkpt>
      <trkpt lat="49.985556" lon="14.358947"><ele>204.9</ele><time>2025-06-14T09:16:10Z</time></trkpt>
      <trkpt lat="49.985508" lon="14.358815"><ele>204.8</ele><time>2025-06-14T09:16:12Z</time></trkpt>
      <trkpt lat="49.985460" lon="14.358684"><ele>204.7</ele><time>2025-06-14T09:16:13Z</time></trkpt>
      <trkpt lat="49.985412" lon="14.358552"><ele>204.6</ele><time>2025-06-14T09:16:15Z</time></trkpt>
      <trkpt lat="49.985364" lon="14.358420"><ele>204.5</ele><time>2025-06-14T09:16:16Z</time></trkpt>
      <trkpt lat="49.985286" lon="14.358178"><ele>204.3</ele><time>2025-06-14T09:16:19Z</time></trkpt>
      <trkpt lat="49.985244" lon="14.358030"><ele>204.2</ele><time>2025-06-14T09:16:21Z</time></trkpt>
      <trkpt lat="49.985202" lon="14.357882"><ele>204.1</ele><time>2025-06-14T09:16:22Z</time></trkpt>
      <trkpt lat="49.985161" lon="14.357734"><ele>204.0</ele><time>2025-06-14T09:16:24Z</time></trkpt>
      <trkpt lat="49.985119" lon="14.357586"><ele>204.1</ele><time>2025-06-14T09:16:26Z</time></trkpt>
      <trkpt lat="49.985109" lon="14.357548"><ele>204.2</ele><time>2025-06-14T09:16:26Z</time></trkpt>
      <trkpt lat="49.985078" lon="14.357428"><ele>204.3</ele><time>2025-06-14T09:16:28Z</time></trkpt>
      <trkpt lat="49.985037" lon="14.357266"><ele>204.4</ele><time>2025-06-14T09:16:30Z</time></trkpt>
      <trkpt lat="49.985021" lon="14.357148"><ele>204.5</ele><time>2025-06-14T09:16:31Z</time></trkpt>
      <trkpt lat="49.984939" lon="14.357172"><ele>204.6</ele><time>2025-06-14T09:16:33Z</time></trkpt>
      <trkpt lat="49.984847" lon="14.357198"><ele>204.8</ele><time>2025-06-14T09:16:35Z</time></trkpt>
      <trkpt lat="49.984754" lon="14.357224"><ele>204.9</ele><time>2025-06-14T09:16:36Z</time></trkpt>
      <trkpt lat="49.984662" lon="14.357250"><ele>205.0</ele><time>2025-06-14T09:16:38Z</time></trkpt>
      <trkpt lat="49.984570" lon="14.357277"><ele>205.2</ele><time>2025-06-14T09:16:40Z</time></trkpt>
      <trkpt lat="49.984478" lon="14.357303"><ele>205.5</ele><time>2025-06-14T09:16:42Z</time></trkpt>
      <trkpt lat="49.984386" lon="14.357329"><ele>205.7</ele><time>2025-06-14T09:16:44Z</time></trkpt>
      <trkpt lat="49.984293" lon="14.357355"><ele>206.0</ele><time>2025-06-14T09:16:46Z</time></trkpt>
      <trkpt lat="49.984201" lon="14.357381"><ele>206.2</ele><time>2025-06-14T09:16:48Z</time></trkpt>
      <trkpt lat="49.984149" lon="14.357397"><ele>206.4</ele><time>2025-06-14T09:16:49Z</time></trkpt>
      <trkpt lat="49.984141" lon="14.357301"><ele>206.5</ele><time>2025-06-14T09:16:50Z</time></trkpt>
      <trkpt lat="49.984121" lon="14.357067"><ele>206.9</ele><time>2025-06-14T09:16:53Z</time></trkpt>
      <trkpt lat="49.984117" lon="14.357020"><ele>207.0</ele><time>2025-06-14T09:16:54Z</time></trkpt>
      <trkpt lat="49.984105" lon="14.356870"><ele>208.4</ele><time>2025-06-14T09:16:58Z</time></trkpt>
      <trkpt lat="49.984092" lon="14.356721"><ele>209.9</ele><time>2025-06-14T09:17:02Z</time></trkpt>
      <trkpt lat="49.984080" lon="14.356572"><ele>211.3</ele><time>2025-06-14T09:17:07Z</time></trkpt>
      <trkpt lat="49.984067" lon="14.356422"><ele>212.8</ele><time>2025-06-14T09:17:11Z</time></trkpt>
      <trkpt lat="49.984055" lon="14.356272"><ele>214.2</ele><time>2025-06-14T09:17:15Z</time></trkpt>
      <trkpt lat="49.984043" lon="14.356123"><ele>215.6</ele><time>2025-06-14T09:17:20Z</time></trkpt>
      <trkpt lat="49.984030" lon="14.355974"><ele>217.1</ele><time>2025-06-14T09:17:24Z</time></trkpt>
      <trkpt lat="49.984018" lon="14.355824"><ele>218.5</ele><time>2025-06-14T09:17:28Z</time></trkpt>
      <trkpt lat="49.984006" lon="14.355671"><ele>220.0</ele><time>2025-06-14T09:17:33Z</time></trkpt>
      <trkpt lat="49.983992" lon="14.355501"><ele>221.9</ele><time>2025-06-14T09:17:38Z</time></trkpt>
      <trkpt lat="49.983986" lon="14.355432"><ele>222.7</ele><time>2025-06-14T09:17:40Z</time></trkpt>
      <trkpt lat="49.983974" lon="14.355277"><ele>224.5</ele><time>2025-06-14T09:17:44Z</time></trkpt>
      <trkpt lat="49.983962" lon="14.355123"><ele>226.2</ele><time>2025-06-14T09:17:49Z</time></trkpt>
      <trkpt lat="49.983950" lon="14.354968"><ele>228.0</ele><time>2025-06-14T09:17:53Z</time></trkpt>
      <trkpt lat="49.983937" lon="14.354814"><ele>229.7</ele><time>2025-06-14T09:17:57Z</time></trkpt>
      <trkpt lat="49.983925" lon="14.354659"><ele>231.5</ele><time>2025-06-14T09:18:02Z</time></trkpt>
      <trkpt lat="49.983913" lon="14.354505"><ele>233.2</ele><time>2025-06-14T09:18:06Z</time></trkpt>
      <trkpt lat="49.983901" lon="14.354350"><ele>235.0</ele><time>2025-06-14T09:18:11Z</time></trkpt>
      <trkpt lat="49.983887" lon="14.354194"><ele>238.9</ele><time>2025-06-14T09:18:15Z</time></trkpt>
      <trkpt lat="49.983873" lon="14.354038"><ele>242.8</ele><time>2025-06-14T09:18:20Z</time></trkpt>
      <trkpt lat="49.983810" lon="14.353890"><ele>247.2</ele><time>2025-06-14T09:18:25Z</time></trkpt>
      <trkpt lat="49.983747" lon="14.353743"><ele>251.5</ele><time>2025-06-14T09:18:30Z</time></trkpt>
      <trkpt lat="49.983671" lon="14.353618"><ele>255.8</ele><time>2025-06-14T09:18:35Z</time></trkpt>
      <trkpt lat="49.983594" lon="14.353493"><ele>260.0</ele><time>2025-06-14T09:18:40Z</time></trkpt>
      <trkpt lat="49.983518" lon="14.353369"><ele>264.3</ele><time>2025-06-14T09:18:45Z</time></trkpt>
      <trkpt lat="49.983442" lon="14.353244"><ele>268.5</ele><time>2025-06-14T09:18:50Z</time></trkpt>
      <trkpt lat="49.983381" lon="14.353141"><ele>272.0</ele><time>2025-06-14T09:18:54Z</time></trkpt>
      <trkpt lat="49.983319" lon="14.353038"><ele>272.0</ele><time>2025-06-14T09:18:55Z</time></trkpt>
      <trkpt lat="49.983258" lon="14.352935"><ele>272.0</ele><time>2025-06-14T09:18:57Z</time></trkpt>
      <trkpt lat="49.983197" lon="14.352832"><ele>272.0</ele><time>2025-06-14T09:18:58Z</time></trkpt>
      <trkpt lat="49.983135" lon="14.352729"><ele>272.0</ele><time>2025-06-14T09:19:00Z</time></trkpt>
      <trkpt lat="49.983074" lon="14.352626"><ele>272.0</ele><time>2025-06-14T09:19:02Z</time></trkpt>
      <trkpt lat="49.983013" lon="14.352523"><ele>272.0</ele><time>2025-06-14T09:19:03Z</time></trkpt>
      <trkpt lat="49.982952" lon="14.352420"><ele>272.0</ele><time>2025-06-14T09:19:05Z</time></trkpt>
      <trkpt lat="49.982890" lon="14.352317"><ele>272.0</ele><time>2025-06-14T09:19:07Z</time></trkpt>
      <trkpt lat="49.982829" lon="14.352214"><ele>272.0</ele><time>2025-06-14T09:19:08Z</time></trkpt>
      <trkpt lat="49.982768" lon="14.352110"><ele>271.8</ele><time>2025-06-14T09:19:09Z</time></trkpt>
      <trkpt lat="49.982706" lon="14.352007"><ele>271.6</ele><time>2025-06-14T09:19:11Z</time></trkpt>
      <trkpt lat="49.982645" lon="14.351904"><ele>271.3</ele><time>2025-06-14T09:19:12Z</time></trkpt>
      <trkpt lat="49.982584" lon="14.351801"><ele>271.1</ele><time>2025-06-14T09:19:14Z</time></trkpt>
      <trkpt lat="49.982523" lon="14.351698"><ele>270.9</ele><time>2025-06-14T09:19:15Z</time></trkpt>
      <trkpt lat="49.982461" lon="14.351595"><ele>270.7</ele><time>2025-06-14T09:19:16Z</time></trkpt>
      <trkpt lat="49.982400" lon="14.351492"><ele>270.4</ele><time>2025-06-14T09:19:18Z</time></trkpt>
      <trkpt lat="49.982339" lon="14.351389"><ele>270.2</ele><time>2025-06-14T09:19:19Z</time></trkpt>
      <trkpt lat="49.982277" lon="14.351286"><ele>270.0</ele><time>2025-06-14T09:19:21Z</time></trkpt>
      <trkpt lat="49.982216" lon="14.351183"><ele>271.8</ele><time>2025-06-14T09:19:25Z</time></trkpt>
      <trkpt lat="49.982149" lon="14.351087"><ele>273.5</ele><time>2025-06-14T09:19:29Z</time></trkpt>
      <trkpt lat="49.982082" lon="14.350992"><ele>275.3</ele><time>2025-06-14T09:19:33Z</time></trkpt>
      <trkpt lat="49.982016" lon="14.350896"><ele>277.1</ele><time>2025-06-14T09:19:37Z</time></trkpt>
      <trkpt lat="49.981949" lon="14.350801"><ele>278.9</ele><time>2025-06-14T09:19:41Z</time></trkpt>
      <trkpt lat="49.981882" lon="14.350705"><ele>280.7</ele><time>2025-06-14T09:19:45Z</time></trkpt>
      <trkpt lat="49.981815" lon="14.350609"><ele>282.4</ele><time>2025-06-14T09:19:49Z</time></trkpt>
      <trkpt lat="49.981748" lon="14.350514"><ele>284.2</ele><time>2025-06-14T09:19:53Z</time></trkpt>
      <trkpt lat="49.981682" lon="14.350418"><ele>286.0</ele><time>2025-06-14T09:19:57Z</time></trkpt>
      <trkpt lat="49.981615" lon="14.350323"><ele>284.8</ele><time>2025-06-14T09:19:58Z</time></trkpt>
      <trkpt lat="49.981548" lon="14.350227"><ele>283.7</ele><time>2025-06-14T09:19:59Z</time></trkpt>
      <trkpt lat="49.981493" lon="14.350101"><ele>282.5</ele><time>2025-06-14T09:20:00Z</time></trkpt>
      <trkpt lat="49.981439" lon="14.349974"><ele>281.2</ele><time>2025-06-14T09:20:00Z</time></trkpt>
      <trkpt lat="49.981384" lon="14.349848"><ele>280.0</ele><time>2025-06-14T09:20:01Z</time></trkpt>
      <trkpt lat="49.981329" lon="14.349721"><ele>278.7</ele><time>2025-06-14T09:20:02Z</time></trkpt>
      <trkpt lat="49.981274" lon="14.349595"><ele>277.5</ele><time>2025-06-14T09:20:03Z</time></trkpt>
      <trkpt lat="49.981220" lon="14.349469"><ele>276.2</ele><time>2025-06-14T09:20:04Z</time></trkpt>
      <trkpt lat="49.981165" lon="14.349342"><ele>275.0</ele><time>2025-06-14T09:20:05Z</time></trkpt>
      <trkpt lat="49.981110" lon="14.349216"><ele>274.8</ele><time>2025-06-14T09:20:07Z</time></trkpt>
      <trkpt lat="49.981056" lon="14.349089"><ele>274.6</ele><time>2025-06-14T09:20:08Z</time></trkpt>
      <trkpt lat="49.981001" lon="14.348963"><ele>274.4</ele><time>2025-06-14T09:20:10Z</time></trkpt>
      <trkpt lat="49.980946" lon="14.348897"><ele>274.2</ele><time>2025-06-14T09:20:11Z</time></trkpt>
      <trkpt lat="49.980791" lon="14.348790"><ele>273.8</ele><time>2025-06-14T09:20:13Z</time></trkpt>
      <trkpt lat="49.980742" lon="14.348784"><ele>273.7</ele><time>2025-06-14T09:20:14Z</time></trkpt>
      <trkpt lat="49.980733" lon="14.348608"><ele>273.5</ele><time>2025-06-14T09:20:16Z</time></trkpt>
      <trkpt lat="49.980724" lon="14.348432"><ele>273.2</ele><time>2025-06-14T09:20:18Z</time></trkpt>
      <trkpt lat="49.980708" lon="14.348286"><ele>273.0</ele><time>2025-06-14T09:20:19Z</time></trkpt>
      <trkpt lat="49.980691" lon="14.348140"><ele>274.3</ele><time>2025-06-14T09:20:23Z</time></trkpt>
      <trkpt lat="49.980670" lon="14.347978"><ele>275.9</ele><time>2025-06-14T09:20:28Z</time></trkpt>
      <trkpt lat="49.980649" lon="14.347815"><ele>277.4</ele><time>2025-06-14T09:20:33Z</time></trkpt>
      <trkpt lat="49.980621" lon="14.347617"><ele>279.2</ele><time>2025-06-14T09:20:38Z</time></trkpt>
      <trkpt lat="49.980578" lon="14.347400"><ele>281.3</ele><time>2025-06-14T09:20:45Z</time></trkpt>
      <trkpt lat="49.980537" lon="14.347211"><ele>283.1</ele><time>2025-06-14T09:20:51Z</time></trkpt>
      <trkpt lat="49.980473" lon="14.346976"><ele>285.4</ele><time>2025-06-14T09:20:58Z</time></trkpt>
      <trkpt lat="49.980437" lon="14.346846"><ele>286.7</ele><time>2025-06-14T09:21:02Z</time></trkpt>
      <trkpt lat="49.980401" lon="14.346716"><ele>288.0</ele><time>2025-06-14T09:21:06Z</time></trkpt>
      <trkpt lat="49.980365" lon="14.346586"><ele>289.2</ele><time>2025-06-14T09:21:10Z</time></trkpt>
      <trkpt lat="49.980303" lon="14.346394"><ele>291.1</ele><time>2025-06-14T09:21:16Z</time></trkpt>
      <trkpt lat="49.980217" lon="14.346190"><ele>293.2</ele><time>2025-06-14T09:21:23Z</time></trkpt>
      <trkpt lat="49.980121" lon="14.345993"><ele>295.4</ele><time>2025-06-14T09:21:30Z</time></trkpt>
      <trkpt lat="49.980019" lon="14.345793"><ele>297.6</ele><time>2025-06-14T09:21:38Z</time></trkpt>
      <trkpt lat="49.979955" lon="14.345693"><ele>298.8</ele><time>2025-06-14T09:21:42Z</time></trkpt>
      <trkpt lat="49.979879" lon="14.345603"><ele>300.1</ele><time>2025-06-14T09:21:46Z</time></trkpt>
      <trkpt lat="49.979804" lon="14.345513"><ele>301.4</ele><time>2025-06-14T09:21:50Z</time></trkpt>
      <trkpt lat="49.979765" lon="14.345487"><ele>302.0</ele><time>2025-06-14T09:21:52Z</time></trkpt>
      <trkpt lat="49.979698" lon="14.345463"><ele>302.0</ele><time>2025-06-14T09:21:53Z</time></trkpt>
      <trkpt lat="49.979626" lon="14.345454"><ele>302.0</ele><time>2025-06-14T09:21:54Z</time></trkpt>
      <trkpt lat="49.979547" lon="14.345470"><ele>302.0</ele><time>2025-06-14T09:21:56Z</time></trkpt>
      <trkpt lat="49.979475" lon="14.345503"><ele>302.0</ele><time>2025-06-14T09:21:57Z</time></trkpt>
      <trkpt lat="49.979424" lon="14.345537"><ele>302.0</ele><time>2025-06-14T09:21:58Z</time></trkpt>
      <trkpt lat="49.979382" lon="14.345575"><ele>302.0</ele><time>2025-06-14T09:21:59Z</time></trkpt>
      <trkpt lat="49.979270" lon="14.345708"><ele>302.0</ele><time>2025-06-14T09:22:01Z</time></trkpt>
      <trkpt lat="49.979208" lon="14.345774"><ele>302.0</ele><time>2025-06-14T09:22:02Z</time></trkpt>
      <trkpt lat="49.979158" lon="14.345809"><ele>302.0</ele><time>2025-06-14T09:22:03Z</time></trkpt>
      <trkpt lat="49.979121" lon="14.345829"><ele>301.0</ele><time>2025-06-14T09:22:04Z</time></trkpt>
      <trkpt lat="49.979053" lon="14.345856"><ele>299.1</ele><time>2025-06-14T09:22:04Z</time></trkpt>
      <trkpt lat="49.978996" lon="14.345860"><ele>297.6</ele><time>2025-06-14T09:22:05Z</time></trkpt>
      <trkpt lat="49.978929" lon="14.345850"><ele>295.8</ele><time>2025-06-14T09:22:05Z</time></trkpt>
      <trkpt lat="49.978841" lon="14.345806"><ele>293.4</ele><time>2025-06-14T09:22:06Z</time></trkpt>
      <trkpt lat="49.978751" lon="14.345747"><ele>290.8</ele><time>2025-06-14T09:22:07Z</time></trkpt>
      <trkpt lat="49.978660" lon="14.345688"><ele>288.2</ele><time>2025-06-14T09:22:08Z</time></trkpt>
      <trkpt lat="49.978602" lon="14.345638"><ele>286.4</ele><time>2025-06-14T09:22:09Z</time></trkpt>
      <trkpt lat="49.978558" lon="14.345591"><ele>285.0</ele><time>2025-06-14T09:22:09Z</time></trkpt>
      <trkpt lat="49.978518" lon="14.345537"><ele>285.0</ele><time>2025-06-14T09:22:10Z</time></trkpt>
      <trkpt lat="49.978480" lon="14.345469"><ele>285.0</ele><time>2025-06-14T09:22:11Z</time></trkpt>
      <trkpt lat="49.978446" lon="14.345392"><ele>285.0</ele><time>2025-06-14T09:22:12Z</time></trkpt>
      <trkpt lat="49.978417" lon="14.345303"><ele>285.0</ele><time>2025-06-14T09:22:13Z</time></trkpt>
      <trkpt lat="49.978388" lon="14.345151"><ele>285.0</ele><time>2025-06-14T09:22:15Z</time></trkpt>
      <trkpt lat="49.978359" lon="14.344998"><ele>285.0</ele><time>2025-06-14T09:22:16Z</time></trkpt>
      <trkpt lat="49.978331" lon="14.344846"><ele>285.0</ele><time>2025-06-14T09:22:18Z</time></trkpt>
      <trkpt lat="49.978302" lon="14.344694"><ele>285.0</ele><time>2025-06-14T09:22:20Z</time></trkpt>
      <trkpt lat="49.978280" lon="14.344519"><ele>285.0</ele><time>2025-06-14T09:22:22Z</time></trkpt>
      <trkpt lat="49.978274" lon="14.344392"><ele>287.3</ele><time>2025-06-14T09:22:25Z</time></trkpt>
      <trkpt lat="49.978283" lon="14.344293"><ele>289.2</ele><time>2025-06-14T09:22:28Z</time></trkpt>
      <trkpt lat="49.978307" lon="14.344195"><ele>291.1</ele><time>2025-06-14T09:22:31Z</time></trkpt>
      <trkpt lat="49.978333" lon="14.344124"><ele>292.6</ele><time>2025-06-14T09:22:33Z</time></trkpt>
      <trkpt lat="49.978375" lon="14.344035"><ele>294.6</ele><time>2025-06-14T09:22:37Z</time></trkpt>
      <trkpt lat="49.978446" lon="14.343912"><ele>297.6</ele><time>2025-06-14T09:22:41Z</time></trkpt>
      <trkpt lat="49.978552" lon="14.343732"><ele>302.1</ele><time>2025-06-14T09:22:48Z</time></trkpt>
      <trkpt lat="49.978625" lon="14.343594"><ele>305.4</ele><time>2025-06-14T09:22:53Z</time></trkpt>
      <trkpt lat="49.978678" lon="14.343476"><ele>308.0</ele><time>2025-06-14T09:22:57Z</time></trkpt>
      <trkpt lat="49.978723" lon="14.343355"><ele>310.2</ele><time>2025-06-14T09:23:01Z</time></trkpt>
      <trkpt lat="49.978775" lon="14.343198"><ele>313.0</ele><time>2025-06-14T09:23:06Z</time></trkpt>
      <trkpt lat="49.978819" lon="14.343033"><ele>315.8</ele><time>2025-06-14T09:23:12Z</time></trkpt>
      <trkpt lat="49.978840" lon="14.342925"><ele>317.6</ele><time>2025-06-14T09:23:15Z</time></trkpt>
      <trkpt lat="49.978862" lon="14.342804"><ele>319.6</ele><time>2025-06-14T09:23:18Z</time></trkpt>
      <trkpt lat="49.978877" lon="14.342662"><ele>321.8</ele><time>2025-06-14T09:23:23Z</time></trkpt>
      <trkpt lat="49.978883" lon="14.342505"><ele>324.3</ele><time>2025-06-14T09:23:27Z</time></trkpt>
      <trkpt lat="49.978888" lon="14.342327"><ele>327.1</ele><time>2025-06-14T09:23:32Z</time></trkpt>
      <trkpt lat="49.978884" lon="14.342208"><ele>329.0</ele><time>2025-06-14T09:23:36Z</time></trkpt>
      <trkpt lat="49.978878" lon="14.342124"><ele>329.7</ele><time>2025-06-14T09:23:38Z</time></trkpt>
      <trkpt lat="49.978862" lon="14.341974"><ele>330.9</ele><time>2025-06-14T09:23:42Z</time></trkpt>
      <trkpt lat="49.978829" lon="14.341805"><ele>332.3</ele><time>2025-06-14T09:23:47Z</time></trkpt>
      <trkpt lat="49.978786" lon="14.341657"><ele>333.6</ele><time>2025-06-14T09:23:52Z</time></trkpt>
      <trkpt lat="49.978727" lon="14.341501"><ele>335.1</ele><time>2025-06-14T09:23:57Z</time></trkpt>
      <trkpt lat="49.978678" lon="14.341396"><ele>336.1</ele><time>2025-06-14T09:24:01Z</time></trkpt>
      <trkpt lat="49.978620" lon="14.341291"><ele>337.3</ele><time>2025-06-14T09:24:05Z</time></trkpt>
      <trkpt lat="49.978533" lon="14.341175"><ele>338.7</ele><time>2025-06-14T09:24:10Z</time></trkpt>
      <trkpt lat="49.978448" lon="14.341081"><ele>340.0</ele><time>2025-06-14T09:24:15Z</time></trkpt>
      <trkpt lat="49.978384" lon="14.341023"><ele>339.9</ele><time>2025-06-14T09:24:16Z</time></trkpt>
      <trkpt lat="49.978282" lon="14.340939"><ele>339.8</ele><time>2025-06-14T09:24:17Z</time></trkpt>
      <trkpt lat="49.978180" lon="14.340854"><ele>339.7</ele><time>2025-06-14T09:24:19Z</time></trkpt>
      <trkpt lat="49.978119" lon="14.340781"><ele>339.6</ele><time>2025-06-14T09:24:20Z</time></trkpt>
      <trkpt lat="49.978055" lon="14.340668"><ele>339.5</ele><time>2025-06-14T09:24:22Z</time></trkpt>
      <trkpt lat="49.977988" lon="14.340514"><ele>339.4</ele><time>2025-06-14T09:24:24Z</time></trkpt>
      <trkpt lat="49.977937" lon="14.340368"><ele>339.3</ele><time>2025-06-14T09:24:25Z</time></trkpt>
      <trkpt lat="49.977871" lon="14.340136"><ele>339.1</ele><time>2025-06-14T09:24:28Z</time></trkpt>
      <trkpt lat="49.977830" lon="14.339978"><ele>339.0</ele><time>2025-06-14T09:24:29Z</time></trkpt>
      <trkpt lat="49.977790" lon="14.339820"><ele>338.7</ele><time>2025-06-14T09:24:31Z</time></trkpt>
      <trkpt lat="49.977756" lon="14.339630"><ele>338.3</ele><time>2025-06-14T09:24:32Z</time></trkpt>
      <trkpt lat="49.977722" lon="14.339439"><ele>337.9</ele><time>2025-06-14T09:24:34Z</time></trkpt>
      <trkpt lat="49.977696" lon="14.339238"><ele>337.5</ele><time>2025-06-14T09:24:36Z</time></trkpt>
      <trkpt lat="49.977689" lon="14.339103"><ele>337.2</ele><time>2025-06-14T09:24:37Z</time></trkpt>
      <trkpt lat="49.977684" lon="14.338962"><ele>337.0</ele><time>2025-06-14T09:24:38Z</time></trkpt>
      <trkpt lat="49.977685" lon="14.338797"><ele>336.6</ele><time>2025-06-14T09:24:40Z</time></trkpt>
      <trkpt lat="49.977686" lon="14.338632"><ele>336.3</ele><time>2025-06-14T09:24:41Z</time></trkpt>
      <trkpt lat="49.977686" lon="14.338467"><ele>336.0</ele><time>2025-06-14T09:24:42Z</time></trkpt>
      <trkpt lat="49.977687" lon="14.338302"><ele>335.6</ele><time>2025-06-14T09:24:44Z</time></trkpt>
      <trkpt lat="49.977682" lon="14.338138"><ele>335.3</ele><time>2025-06-14T09:24:45Z</time></trkpt>
      <trkpt lat="49.977667" lon="14.337984"><ele>335.0</ele><time>2025-06-14T09:24:46Z</time></trkpt>
      <trkpt lat="49.977644" lon="14.337830"><ele>334.6</ele><time>2025-06-14T09:24:48Z</time></trkpt>
      <trkpt lat="49.977610" lon="14.337693"><ele>334.3</ele><time>2025-06-14T09:24:49Z</time></trkpt>
      <trkpt lat="49.977577" lon="14.337577"><ele>334.0</ele><time>2025-06-14T09:24:50Z</time></trkpt>
      <trkpt lat="49.977502" lon="14.337360"><ele>333.5</ele><time>2025-06-14T09:24:52Z</time></trkpt>
      <trkpt lat="49.977469" lon="14.337247"><ele>333.3</ele><time>2025-06-14T09:24:53Z</time></trkpt>
      <trkpt lat="49.977443" lon="14.337132"><ele>333.0</ele><time>2025-06-14T09:24:54Z</time></trkpt>
      <trkpt lat="49.977430" lon="14.337037"><ele>333.7</ele><time>2025-06-14T09:24:57Z</time></trkpt>
      <trkpt lat="49.977419" lon="14.336892"><ele>334.8</ele><time>2025-06-14T09:25:01Z</time></trkpt>
      <trkpt lat="49.977419" lon="14.336685"><ele>336.3</ele><time>2025-06-14T09:25:07Z</time></trkpt>
      <trkpt lat="49.977430" lon="14.336510"><ele>337.5</ele><time>2025-06-14T09:25:12Z</time></trkpt>
      <trkpt lat="49.977442" lon="14.336360"><ele>338.6</ele><time>2025-06-14T09:25:17Z</time></trkpt>
      <trkpt lat="49.977454" lon="14.336209"><ele>339.7</ele><time>2025-06-14T09:25:21Z</time></trkpt>
      <trkpt lat="49.977466" lon="14.336059"><ele>340.8</ele><time>2025-06-14T09:25:25Z</time></trkpt>
      <trkpt lat="49.977478" lon="14.335909"><ele>341.9</ele><time>2025-06-14T09:25:29Z</time></trkpt>
      <trkpt lat="49.977491" lon="14.335759"><ele>343.0</ele><time>2025-06-14T09:25:34Z</time></trkpt>
      <trkpt lat="49.977503" lon="14.335608"><ele>341.9</ele><time>2025-06-14T09:25:35Z</time></trkpt>
      <trkpt lat="49.977515" lon="14.335458"><ele>340.8</ele><time>2025-06-14T09:25:36Z</time></trkpt>
      <trkpt lat="49.977527" lon="14.335308"><ele>339.6</ele><time>2025-06-14T09:25:37Z</time></trkpt>
      <trkpt lat="49.977539" lon="14.335157"><ele>338.5</ele><time>2025-06-14T09:25:37Z</time></trkpt>
      <trkpt lat="49.977551" lon="14.335007"><ele>337.4</ele><time>2025-06-14T09:25:38Z</time></trkpt>
      <trkpt lat="49.977563" lon="14.334871"><ele>336.4</ele><time>2025-06-14T09:25:39Z</time></trkpt>
      <trkpt lat="49.977568" lon="14.334794"><ele>335.8</ele><time>2025-06-14T09:25:40Z</time></trkpt>
      <trkpt lat="49.977572" lon="14.334673"><ele>334.9</ele><time>2025-06-14T09:25:40Z</time></trkpt>
      <trkpt lat="49.977569" lon="14.334552"><ele>334.0</ele><time>2025-06-14T09:25:41Z</time></trkpt>
      <trkpt lat="49.977556" lon="14.334317"><ele>334.3</ele><time>2025-06-14T09:25:44Z</time></trkpt>
      <trkpt lat="49.977543" lon="14.334156"><ele>334.5</ele><time>2025-06-14T09:25:46Z</time></trkpt>
      <trkpt lat="49.977529" lon="14.333994"><ele>334.7</ele><time>2025-06-14T09:25:48Z</time></trkpt>
      <trkpt lat="49.977516" lon="14.333833"><ele>334.9</ele><time>2025-06-14T09:25:50Z</time></trkpt>
      <trkpt lat="49.977500" lon="14.333673"><ele>335.2</ele><time>2025-06-14T09:25:51Z</time></trkpt>
      <trkpt lat="49.977484" lon="14.333513"><ele>335.4</ele><time>2025-06-14T09:25:53Z</time></trkpt>
      <trkpt lat="49.977468" lon="14.333354"><ele>335.6</ele><time>2025-06-14T09:25:55Z</time></trkpt>
      <trkpt lat="49.977452" lon="14.333194"><ele>335.8</ele><time>2025-06-14T09:25:57Z</time></trkpt>
      <trkpt lat="49.977436" lon="14.333034"><ele>336.0</ele><time>2025-06-14T09:25:59Z</time></trkpt>
      <trkpt lat="49.977424" lon="14.332894"><ele>336.0</ele><time>2025-06-14T09:26:00Z</time></trkpt>
      <trkpt lat="49.977411" lon="14.332754"><ele>336.0</ele><time>2025-06-14T09:26:02Z</time></trkpt>
      <trkpt lat="49.977399" lon="14.332614"><ele>336.0</ele><time>2025-06-14T09:26:03Z</time></trkpt>
      <trkpt lat="49.977386" lon="14.332474"><ele>336.0</ele><time>2025-06-14T09:26:05Z</time></trkpt>
      <trkpt lat="49.977374" lon="14.332334"><ele>336.0</ele><time>2025-06-14T09:26:06Z</time></trkpt>
      <trkpt lat="49.977362" lon="14.332194"><ele>336.0</ele><time>2025-06-14T09:26:08Z</time></trkpt>
      <trkpt lat="49.977349" lon="14.332054"><ele>336.0</ele><time>2025-06-14T09:26:09Z</time></trkpt>
      <trkpt lat="49.977337" lon="14.331914"><ele>336.0</ele><time>2025-06-14T09:26:11Z</time></trkpt>
      <trkpt lat="49.977324" lon="14.331774"><ele>336.0</ele><time>2025-06-14T09:26:12Z</time></trkpt>
      <trkpt lat="49.977312" lon="14.331634"><ele>336.0</ele><time>2025-06-14T09:26:14Z</time></trkpt>
      <trkpt lat="49.977304" lon="14.331477"><ele>336.0</ele><time>2025-06-14T09:26:15Z</time></trkpt>
      <trkpt lat="49.977297" lon="14.331320"><ele>336.0</ele><time>2025-06-14T09:26:17Z</time></trkpt>
      <trkpt lat="49.977289" lon="14.331162"><ele>336.0</ele><time>2025-06-14T09:26:19Z</time></trkpt>
      <trkpt lat="49.977282" lon="14.331005"><ele>336.0</ele><time>2025-06-14T09:26:20Z</time></trkpt>
      <trkpt lat="49.977274" lon="14.330848"><ele>336.0</ele><time>2025-06-14T09:26:22Z</time></trkpt>
      <trkpt lat="49.977262" lon="14.330703"><ele>336.0</ele><time>2025-06-14T09:26:23Z</time></trkpt>
      <trkpt lat="49.977250" lon="14.330558"><ele>336.0</ele><time>2025-06-14T09:26:25Z</time></trkpt>
      <trkpt lat="49.977224" lon="14.330333"><ele>336.0</ele><time>2025-06-14T09:26:27Z</time></trkpt>
      <trkpt lat="49.977198" lon="14.330150"><ele>336.1</ele><time>2025-06-14T09:26:29Z</time></trkpt>
      <trkpt lat="49.977172" lon="14.329966"><ele>336.3</ele><time>2025-06-14T09:26:32Z</time></trkpt>
      <trkpt lat="49.977150" lon="14.329824"><ele>336.4</ele><time>2025-06-14T09:26:33Z</time></trkpt>
      <trkpt lat="49.977129" lon="14.329682"><ele>336.5</ele><time>2025-06-14T09:26:35Z</time></trkpt>
      <trkpt lat="49.977107" lon="14.329540"><ele>336.6</ele><time>2025-06-14T09:26:37Z</time></trkpt>
      <trkpt lat="49.977085" lon="14.329397"><ele>336.7</ele><time>2025-06-14T09:26:38Z</time></trkpt>
      <trkpt lat="49.977063" lon="14.329255"><ele>336.8</ele><time>2025-06-14T09:26:40Z</time></trkpt>
      <trkpt lat="49.977041" lon="14.329113"><ele>336.9</ele><time>2025-06-14T09:26:42Z</time></trkpt>
      <trkpt lat="49.977020" lon="14.328971"><ele>337.0</ele><time>2025-06-14T09:26:43Z</time></trkpt>
      <trkpt lat="49.976998" lon="14.328829"><ele>337.0</ele><time>2025-06-14T09:26:45Z</time></trkpt>
      <trkpt lat="49.976976" lon="14.328686"><ele>337.0</ele><time>2025-06-14T09:26:46Z</time></trkpt>
      <trkpt lat="49.976955" lon="14.328544"><ele>337.0</ele><time>2025-06-14T09:26:48Z</time></trkpt>
      <trkpt lat="49.976933" lon="14.328402"><ele>337.0</ele><time>2025-06-14T09:26:49Z</time></trkpt>
      <trkpt lat="49.976911" lon="14.328260"><ele>337.0</ele><time>2025-06-14T09:26:51Z</time></trkpt>
      <trkpt lat="49.976892" lon="14.328122"><ele>337.0</ele><time>2025-06-14T09:26:53Z</time></trkpt>
      <trkpt lat="49.976873" lon="14.327983"><ele>337.0</ele><time>2025-06-14T09:26:54Z</time></trkpt>
      <trkpt lat="49.976855" lon="14.327845"><ele>337.0</ele><time>2025-06-14T09:26:56Z</time></trkpt>
      <trkpt lat="49.976836" lon="14.327707"><ele>337.0</ele><time>2025-06-14T09:26:57Z</time></trkpt>
      <trkpt lat="49.976817" lon="14.327568"><ele>337.4</ele><time>2025-06-14T09:26:59Z</time></trkpt>
      <trkpt lat="49.976798" lon="14.327430"><ele>337.8</ele><time>2025-06-14T09:27:01Z</time></trkpt>
      <trkpt lat="49.976783" lon="14.327279"><ele>338.3</ele><time>2025-06-14T09:27:04Z</time></trkpt>
      <trkpt lat="49.976768" lon="14.327127"><ele>338.8</ele><time>2025-06-14T09:27:06Z</time></trkpt>
      <trkpt lat="49.976753" lon="14.326975"><ele>339.2</ele><time>2025-06-14T09:27:09Z</time></trkpt>
      <trkpt lat="49.976737" lon="14.326824"><ele>339.7</ele><time>2025-06-14T09:27:11Z</time></trkpt>
      <trkpt lat="49.976722" lon="14.326672"><ele>340.1</ele><time>2025-06-14T09:27:13Z</time></trkpt>
      <trkpt lat="49.976707" lon="14.326521"><ele>340.6</ele><time>2025-06-14T09:27:16Z</time></trkpt>
      <trkpt lat="49.976690" lon="14.326379"><ele>341.0</ele><time>2025-06-14T09:27:18Z</time></trkpt>
      <trkpt lat="49.976674" lon="14.326237"><ele>341.2</ele><time>2025-06-14T09:27:20Z</time></trkpt>
      <trkpt lat="49.976658" lon="14.326095"><ele>341.4</ele><time>2025-06-14T09:27:22Z</time></trkpt>
      <trkpt lat="49.976641" lon="14.325953"><ele>341.7</ele><time>2025-06-14T09:27:24Z</time></trkpt>
      <trkpt lat="49.976615" lon="14.325811"><ele>341.9</ele><time>2025-06-14T09:27:25Z</time></trkpt>
      <trkpt lat="49.976589" lon="14.325669"><ele>342.1</ele><time>2025-06-14T09:27:27Z</time></trkpt>
      <trkpt lat="49.976563" lon="14.325526"><ele>342.3</ele><time>2025-06-14T09:27:29Z</time></trkpt>
      <trkpt lat="49.976537" lon="14.325384"><ele>342.6</ele><time>2025-06-14T09:27:31Z</time></trkpt>
      <trkpt lat="49.976511" lon="14.325242"><ele>342.8</ele><time>2025-06-14T09:27:33Z</time></trkpt>
      <trkpt lat="49.976485" lon="14.325100"><ele>343.0</ele><time>2025-06-14T09:27:35Z</time></trkpt>
      <trkpt lat="49.976459" lon="14.324958"><ele>343.3</ele><time>2025-06-14T09:27:37Z</time></trkpt>
      <trkpt lat="49.976433" lon="14.324815"><ele>343.7</ele><time>2025-06-14T09:27:39Z</time></trkpt>
      <trkpt lat="49.976407" lon="14.324673"><ele>344.0</ele><time>2025-06-14T09:27:41Z</time></trkpt>
      <trkpt lat="49.976381" lon="14.324531"><ele>344.3</ele><time>2025-06-14T09:27:44Z</time></trkpt>
      <trkpt lat="49.976355" lon="14.324389"><ele>344.7</ele><time>2025-06-14T09:27:46Z</time></trkpt>
      <trkpt lat="49.976329" lon="14.324247"><ele>345.0</ele><time>2025-06-14T09:27:48Z</time></trkpt>
      <trkpt lat="49.976303" lon="14.324105"><ele>345.3</ele><time>2025-06-14T09:27:50Z</time></trkpt>
      <trkpt lat="49.976277" lon="14.323962"><ele>345.7</ele><time>2025-06-14T09:27:52Z</time></trkpt>
      <trkpt lat="49.976251" lon="14.323820"><ele>346.0</ele><time>2025-06-14T09:27:54Z</time></trkpt>
      <trkpt lat="49.976225" lon="14.323678"><ele>346.2</ele><time>2025-06-14T09:27:56Z</time></trkpt>
      <trkpt lat="49.976210" lon="14.323530"><ele>346.4</ele><time>2025-06-14T09:27:58Z</time></trkpt>
      <trkpt lat="49.976196" lon="14.323382"><ele>346.7</ele><time>2025-06-14T09:28:00Z</time></trkpt>
      <trkpt lat="49.976181" lon="14.323234"><ele>346.9</ele><time>2025-06-14T09:28:02Z</time></trkpt>
      <trkpt lat="49.976166" lon="14.323086"><ele>347.1</ele><time>2025-06-14T09:28:04Z</time></trkpt>
      <trkpt lat="49.976157" lon="14.322942"><ele>347.3</ele><time>2025-06-14T09:28:06Z</time></trkpt>
      <trkpt lat="49.976148" lon="14.322799"><ele>347.6</ele><time>2025-06-14T09:28:08Z</time></trkpt>
      <trkpt lat="49.976140" lon="14.322655"><ele>347.8</ele><time>2025-06-14T09:28:10Z</time></trkpt>
      <trkpt lat="49.976131" lon="14.322511"><ele>348.0</ele><time>2025-06-14T09:28:12Z</time></trkpt>
      <trkpt lat="49.976122" lon="14.322368"><ele>348.3</ele><time>2025-06-14T09:28:14Z</time></trkpt>
      <trkpt lat="49.976113" lon="14.322224"><ele>348.5</ele><time>2025-06-14T09:28:16Z</time></trkpt>
      <trkpt lat="49.976111" lon="14.322084"><ele>348.7</ele><time>2025-06-14T09:28:18Z</time></trkpt>
      <trkpt lat="49.976109" lon="14.321944"><ele>349.0</ele><time>2025-06-14T09:28:20Z</time></trkpt>
      <trkpt lat="49.976107" lon="14.321804"><ele>349.2</ele><time>2025-06-14T09:28:22Z</time></trkpt>
      <trkpt lat="49.976106" lon="14.321663"><ele>349.5</ele><time>2025-06-14T09:28:24Z</time></trkpt>
      <trkpt lat="49.976104" lon="14.321523"><ele>349.7</ele><time>2025-06-14T09:28:26Z</time></trkpt>
      <trkpt lat="49.976102" lon="14.321383"><ele>350.0</ele><time>2025-06-14T09:28:28Z</time></trkpt>
      <trkpt lat="49.976101" lon="14.321362"><ele>350.0</ele><time>2025-06-14T09:28:28Z</time></trkpt>
      <trkpt lat="49.976110" lon="14.321204"><ele>350.4</ele><time>2025-06-14T09:28:31Z</time></trkpt>
      <trkpt lat="49.976119" lon="14.321037"><ele>350.9</ele><time>2025-06-14T09:28:33Z</time></trkpt>
      <trkpt lat="49.976129" lon="14.320870"><ele>351.4</ele><time>2025-06-14T09:28:36Z</time></trkpt>
      <trkpt lat="49.976139" lon="14.320703"><ele>351.9</ele><time>2025-06-14T09:28:39Z</time></trkpt>
      <trkpt lat="49.976148" lon="14.320536"><ele>352.3</ele><time>2025-06-14T09:28:41Z</time></trkpt>
      <trkpt lat="49.976162" lon="14.320388"><ele>352.7</ele><time>2025-06-14T09:28:44Z</time></trkpt>
      <trkpt lat="49.976177" lon="14.320240"><ele>353.2</ele><time>2025-06-14T09:28:46Z</time></trkpt>
      <trkpt lat="49.976191" lon="14.320091"><ele>353.6</ele><time>2025-06-14T09:28:49Z</time></trkpt>
      <trkpt lat="49.976206" lon="14.319943"><ele>354.0</ele><time>2025-06-14T09:28:51Z</time></trkpt>
      <trkpt lat="49.976220" lon="14.319795"><ele>354.1</ele><time>2025-06-14T09:28:53Z</time></trkpt>
      <trkpt lat="49.976236" lon="14.319655"><ele>354.2</ele><time>2025-06-14T09:28:55Z</time></trkpt>
      <trkpt lat="49.976251" lon="14.319516"><ele>354.3</ele><time>2025-06-14T09:28:56Z</time></trkpt>
      <trkpt lat="49.976266" lon="14.319376"><ele>354.4</ele><time>2025-06-14T09:28:58Z</time></trkpt>
      <trkpt lat="49.976282" lon="14.319237"><ele>354.6</ele><time>2025-06-14T09:29:00Z</time></trkpt>
      <trkpt lat="49.976298" lon="14.319097"><ele>354.7</ele><time>2025-06-14T09:29:02Z</time></trkpt>
      <trkpt lat="49.976313" lon="14.318958"><ele>354.8</ele><time>2025-06-14T09:29:04Z</time></trkpt>
      <trkpt lat="49.976328" lon="14.318818"><ele>354.9</ele><time>2025-06-14T09:29:05Z</time></trkpt>
      <trkpt lat="49.976344" lon="14.318679"><ele>355.0</ele><time>2025-06-14T09:29:07Z</time></trkpt>
      <trkpt lat="49.976354" lon="14.318534"><ele>355.6</ele><time>2025-06-14T09:29:10Z</time></trkpt>
      <trkpt lat="49.976363" lon="14.318389"><ele>356.1</ele><time>2025-06-14T09:29:13Z</time></trkpt>
      <trkpt lat="49.976373" lon="14.318243"><ele>356.7</ele><time>2025-06-14T09:29:15Z</time></trkpt>
      <trkpt lat="49.976382" lon="14.318098"><ele>357.2</ele><time>2025-06-14T09:29:18Z</time></trkpt>
      <trkpt lat="49.976392" lon="14.317953"><ele>357.8</ele><time>2025-06-14T09:29:21Z</time></trkpt>
      <trkpt lat="49.976390" lon="14.317810"><ele>358.3</ele><time>2025-06-14T09:29:24Z</time></trkpt>
      <trkpt lat="49.976388" lon="14.317666"><ele>358.9</ele><time>2025-06-14T09:29:26Z</time></trkpt>
      <trkpt lat="49.976385" lon="14.317523"><ele>359.4</ele><time>2025-06-14T09:29:29Z</time></trkpt>
      <trkpt lat="49.976383" lon="14.317379"><ele>360.0</ele><time>2025-06-14T09:29:32Z</time></trkpt>
      <trkpt lat="49.976381" lon="14.317236"><ele>360.1</ele><time>2025-06-14T09:29:34Z</time></trkpt>
      <trkpt lat="49.976372" lon="14.317080"><ele>360.2</ele><time>2025-06-14T09:29:36Z</time></trkpt>
      <trkpt lat="49.976363" lon="14.316923"><ele>360.3</ele><time>2025-06-14T09:29:37Z</time></trkpt>
      <trkpt lat="49.976353" lon="14.316767"><ele>360.4</ele><time>2025-06-14T09:29:39Z</time></trkpt>
      <trkpt lat="49.976344" lon="14.316611"><ele>360.6</ele><time>2025-06-14T09:29:41Z</time></trkpt>
      <trkpt lat="49.976335" lon="14.316455"><ele>360.7</ele><time>2025-06-14T09:29:43Z</time></trkpt>
      <trkpt lat="49.976326" lon="14.316299"><ele>360.8</ele><time>2025-06-14T09:29:45Z</time></trkpt>
      <trkpt lat="49.976316" lon="14.316142"><ele>360.9</ele><time>2025-06-14T09:29:47Z</time></trkpt>
      <trkpt lat="49.976307" lon="14.315986"><ele>361.0</ele><time>2025-06-14T09:29:49Z</time></trkpt>
      <trkpt lat="49.976297" lon="14.315844"><ele>361.4</ele><time>2025-06-14T09:29:51Z</time></trkpt>
      <trkpt lat="49.976288" lon="14.315701"><ele>361.9</ele><time>2025-06-14T09:29:54Z</time></trkpt>
      <trkpt lat="49.976278" lon="14.315559"><ele>362.3</ele><time>2025-06-14T09:29:56Z</time></trkpt>
      <trkpt lat="49.976268" lon="14.315416"><ele>362.8</ele><time>2025-06-14T09:29:59Z</time></trkpt>
      <trkpt lat="49.976259" lon="14.315274"><ele>363.2</ele><time>2025-06-14T09:30:01Z</time></trkpt>
      <trkpt lat="49.976249" lon="14.315131"><ele>363.7</ele><time>2025-06-14T09:30:03Z</time></trkpt>
      <trkpt lat="49.976239" lon="14.314989"><ele>364.1</ele><time>2025-06-14T09:30:06Z</time></trkpt>
      <trkpt lat="49.976229" lon="14.314846"><ele>364.6</ele><time>2025-06-14T09:30:08Z</time></trkpt>
      <trkpt lat="49.976220" lon="14.314704"><ele>365.0</ele><time>2025-06-14T09:30:10Z</time></trkpt>
      <trkpt lat="49.976210" lon="14.314561"><ele>365.1</ele><time>2025-06-14T09:30:12Z</time></trkpt>
      <trkpt lat="49.976200" lon="14.314419"><ele>365.2</ele><time>2025-06-14T09:30:14Z</time></trkpt>
      <trkpt lat="49.976191" lon="14.314277"><ele>365.3</ele><time>2025-06-14T09:30:16Z</time></trkpt>
      <trkpt lat="49.976181" lon="14.314134"><ele>365.4</ele><time>2025-06-14T09:30:17Z</time></trkpt>
      <trkpt lat="49.976171" lon="14.313992"><ele>365.6</ele><time>2025-06-14T09:30:19Z</time></trkpt>
      <trkpt lat="49.976161" lon="14.313849"><ele>365.7</ele><time>2025-06-14T09:30:21Z</time></trkpt>
      <trkpt lat="49.976152" lon="14.313707"><ele>365.8</ele><time>2025-06-14T09:30:22Z</time></trkpt>
      <trkpt lat="49.976142" lon="14.313564"><ele>365.9</ele><time>2025-06-14T09:30:24Z</time></trkpt>
      <trkpt lat="49.976132" lon="14.313422"><ele>366.0</ele><time>2025-06-14T09:30:26Z</time></trkpt>
      <trkpt lat="49.976123" lon="14.313279"><ele>366.4</ele><time>2025-06-14T09:30:28Z</time></trkpt>
      <trkpt lat="49.976113" lon="14.313137"><ele>366.9</ele><time>2025-06-14T09:30:31Z</time></trkpt>
      <trkpt lat="49.976103" lon="14.312995"><ele>367.3</ele><time>2025-06-14T09:30:33Z</time></trkpt>
      <trkpt lat="49.976092" lon="14.312852"><ele>367.8</ele><time>2025-06-14T09:30:35Z</time></trkpt>
      <trkpt lat="49.976082" lon="14.312710"><ele>368.2</ele><time>2025-06-14T09:30:37Z</time></trkpt>
      <trkpt lat="49.976072" lon="14.312568"><ele>368.7</ele><time>2025-06-14T09:30:40Z</time></trkpt>
      <trkpt lat="49.976061" lon="14.312425"><ele>369.1</ele><time>2025-06-14T09:30:42Z</time></trkpt>
      <trkpt lat="49.976051" lon="14.312283"><ele>369.6</ele><time>2025-06-14T09:30:44Z</time></trkpt>
      <trkpt lat="49.976040" lon="14.312140"><ele>370.0</ele><time>2025-06-14T09:30:47Z</time></trkpt>
      <trkpt lat="49.976030" lon="14.311998"><ele>370.1</ele><time>2025-06-14T09:30:48Z</time></trkpt>
      <trkpt lat="49.976020" lon="14.311856"><ele>370.2</ele><time>2025-06-14T09:30:50Z</time></trkpt>
      <trkpt lat="49.976009" lon="14.311713"><ele>370.3</ele><time>2025-06-14T09:30:52Z</time></trkpt>
      <trkpt lat="49.975999" lon="14.311571"><ele>370.4</ele><time>2025-06-14T09:30:53Z</time></trkpt>
      <trkpt lat="49.975995" lon="14.311427"><ele>370.6</ele><time>2025-06-14T09:30:55Z</time></trkpt>
      <trkpt lat="49.975990" lon="14.311282"><ele>370.7</ele><time>2025-06-14T09:30:57Z</time></trkpt>
      <trkpt lat="49.975986" lon="14.311138"><ele>370.8</ele><time>2025-06-14T09:30:58Z</time></trkpt>
      <trkpt lat="49.975982" lon="14.310994"><ele>370.9</ele><time>2025-06-14T09:31:00Z</time></trkpt>
      <trkpt lat="49.975977" lon="14.310849"><ele>371.0</ele><time>2025-06-14T09:31:02Z</time></trkpt>
      <trkpt lat="49.975973" lon="14.310705"><ele>371.3</ele><time>2025-06-14T09:31:04Z</time></trkpt>
      <trkpt lat="49.975977" lon="14.310556"><ele>371.6</ele><time>2025-06-14T09:31:06Z</time></trkpt>
      <trkpt lat="49.975980" lon="14.310408"><ele>371.9</ele><time>2025-06-14T09:31:08Z</time></trkpt>
      <trkpt lat="49.975984" lon="14.310259"><ele>372.3</ele><time>2025-06-14T09:31:10Z</time></trkpt>
      <trkpt lat="49.975987" lon="14.310095"><ele>372.6</ele><time>2025-06-14T09:31:12Z</time></trkpt>
      <trkpt lat="49.975991" lon="14.309932"><ele>373.0</ele><time>2025-06-14T09:31:14Z</time></trkpt>
      <trkpt lat="49.975994" lon="14.309768"><ele>373.3</ele><time>2025-06-14T09:31:16Z</time></trkpt>
      <trkpt lat="49.975998" lon="14.309605"><ele>373.7</ele><time>2025-06-14T09:31:19Z</time></trkpt>
      <trkpt lat="49.976001" lon="14.309441"><ele>374.0</ele><time>2025-06-14T09:31:21Z</time></trkpt>
      <trkpt lat="49.976002" lon="14.309271"><ele>374.2</ele><time>2025-06-14T09:31:23Z</time></trkpt>
      <trkpt lat="49.976002" lon="14.309101"><ele>374.5</ele><time>2025-06-14T09:31:25Z</time></trkpt>
      <trkpt lat="49.976003" lon="14.308931"><ele>374.7</ele><time>2025-06-14T09:31:27Z</time></trkpt>
      <trkpt lat="49.976004" lon="14.308761"><ele>374.9</ele><time>2025-06-14T09:31:29Z</time></trkpt>
      <trkpt lat="49.975998" lon="14.308610"><ele>375.2</ele><time>2025-06-14T09:31:31Z</time></trkpt>
      <trkpt lat="49.975992" lon="14.308460"><ele>375.4</ele><time>2025-06-14T09:31:33Z</time></trkpt>
      <trkpt lat="49.975987" lon="14.308309"><ele>375.6</ele><time>2025-06-14T09:31:35Z</time></trkpt>
      <trkpt lat="49.975981" lon="14.308158"><ele>375.8</ele><time>2025-06-14T09:31:37Z</time></trkpt>
      <trkpt lat="49.975975" lon="14.308008"><ele>376.0</ele><time>2025-06-14T09:31:38Z</time></trkpt>
      <trkpt lat="49.975969" lon="14.307857"><ele>376.3</ele><time>2025-06-14T09:31:40Z</time></trkpt>
      <trkpt lat="49.975964" lon="14.307706"><ele>376.6</ele><time>2025-06-14T09:31:42Z</time></trkpt>
      <trkpt lat="49.975958" lon="14.307556"><ele>376.9</ele><time>2025-06-14T09:31:44Z</time></trkpt>
      <trkpt lat="49.975952" lon="14.307405"><ele>377.2</ele><time>2025-06-14T09:31:46Z</time></trkpt>
      <trkpt lat="49.975935" lon="14.307235"><ele>377.6</ele><time>2025-06-14T09:31:49Z</time></trkpt>
      <trkpt lat="49.975918" lon="14.307065"><ele>378.0</ele><time>2025-06-14T09:31:51Z</time></trkpt>
      <trkpt lat="49.975901" lon="14.306895"><ele>378.3</ele><time>2025-06-14T09:31:53Z</time></trkpt>
      <trkpt lat="49.975884" lon="14.306725"><ele>378.7</ele><time>2025-06-14T09:31:55Z</time></trkpt>
      <trkpt lat="49.975867" lon="14.306568"><ele>379.0</ele><time>2025-06-14T09:31:57Z</time></trkpt>
      <trkpt lat="49.975850" lon="14.306411"><ele>378.9</ele><time>2025-06-14T09:31:59Z</time></trkpt>
      <trkpt lat="49.975833" lon="14.306254"><ele>378.8</ele><time>2025-06-14T09:32:00Z</time></trkpt>
      <trkpt lat="49.975816" lon="14.306097"><ele>378.7</ele><time>2025-06-14T09:32:02Z</time></trkpt>
      <trkpt lat="49.975799" lon="14.305940"><ele>378.5</ele><time>2025-06-14T09:32:03Z</time></trkpt>
      <trkpt lat="49.975782" lon="14.305794"><ele>378.4</ele><time>2025-06-14T09:32:05Z</time></trkpt>
      <trkpt lat="49.975765" lon="14.305648"><ele>378.3</ele><time>2025-06-14T09:32:06Z</time></trkpt>
      <trkpt lat="49.975748" lon="14.305502"><ele>378.2</ele><time>2025-06-14T09:32:08Z</time></trkpt>
      <trkpt lat="49.975730" lon="14.305355"><ele>378.1</ele><time>2025-06-14T09:32:09Z</time></trkpt>
      <trkpt lat="49.975713" lon="14.305209"><ele>378.0</ele><time>2025-06-14T09:32:11Z</time></trkpt>
      <trkpt lat="49.975696" lon="14.305063"><ele>378.0</ele><time>2025-06-14T09:32:12Z</time></trkpt>
      <trkpt lat="49.975679" lon="14.304917"><ele>378.0</ele><time>2025-06-14T09:32:14Z</time></trkpt>
      <trkpt lat="49.975666" lon="14.304740"><ele>378.0</ele><time>2025-06-14T09:32:15Z</time></trkpt>
      <trkpt lat="49.975653" lon="14.304564"><ele>378.0</ele><time>2025-06-14T09:32:17Z</time></trkpt>
      <trkpt lat="49.975649" lon="14.304511"><ele>378.0</ele><time>2025-06-14T09:32:18Z</time></trkpt>
      <trkpt lat="49.975634" lon="14.304361"><ele>378.0</ele><time>2025-06-14T09:32:19Z</time></trkpt>
      <trkpt lat="49.975619" lon="14.304210"><ele>378.0</ele><time>2025-06-14T09:32:21Z</time></trkpt>
      <trkpt lat="49.975604" lon="14.304060"><ele>378.0</ele><time>2025-06-14T09:32:22Z</time></trkpt>
      <trkpt lat="49.975589" lon="14.303909"><ele>378.0</ele><time>2025-06-14T09:32:24Z</time></trkpt>
      <trkpt lat="49.975574" lon="14.303759"><ele>377.9</ele><time>2025-06-14T09:32:25Z</time></trkpt>
      <trkpt lat="49.975559" lon="14.303608"><ele>377.8</ele><time>2025-06-14T09:32:27Z</time></trkpt>
      <trkpt lat="49.975544" lon="14.303458"><ele>377.7</ele><time>2025-06-14T09:32:28Z</time></trkpt>
      <trkpt lat="49.975529" lon="14.303307"><ele>377.6</ele><time>2025-06-14T09:32:30Z</time></trkpt>
      <trkpt lat="49.975514" lon="14.303157"><ele>377.4</ele><time>2025-06-14T09:32:31Z</time></trkpt>
      <trkpt lat="49.975499" lon="14.303005"><ele>377.3</ele><time>2025-06-14T09:32:33Z</time></trkpt>
      <trkpt lat="49.975484" lon="14.302853"><ele>377.2</ele><time>2025-06-14T09:32:34Z</time></trkpt>
      <trkpt lat="49.975469" lon="14.302701"><ele>377.1</ele><time>2025-06-14T09:32:36Z</time></trkpt>
      <trkpt lat="49.975454" lon="14.302549"><ele>377.0</ele><time>2025-06-14T09:32:37Z</time></trkpt>
      <trkpt lat="49.975439" lon="14.302396"><ele>376.7</ele><time>2025-06-14T09:32:38Z</time></trkpt>
      <trkpt lat="49.975424" lon="14.302244"><ele>376.3</ele><time>2025-06-14T09:32:40Z</time></trkpt>
      <trkpt lat="49.975409" lon="14.302092"><ele>376.0</ele><time>2025-06-14T09:32:41Z</time></trkpt>
      <trkpt lat="49.975394" lon="14.301940"><ele>375.6</ele><time>2025-06-14T09:32:42Z</time></trkpt>
      <trkpt lat="49.975381" lon="14.301799"><ele>375.3</ele><time>2025-06-14T09:32:43Z</time></trkpt>
      <trkpt lat="49.975367" lon="14.301659"><ele>375.0</ele><time>2025-06-14T09:32:45Z</time></trkpt>
      <trkpt lat="49.975354" lon="14.301518"><ele>374.6</ele><time>2025-06-14T09:32:46Z</time></trkpt>
      <trkpt lat="49.975340" lon="14.301378"><ele>374.3</ele><time>2025-06-14T09:32:47Z</time></trkpt>
      <trkpt lat="49.975327" lon="14.301237"><ele>374.0</ele><time>2025-06-14T09:32:48Z</time></trkpt>
      <trkpt lat="49.975308" lon="14.301082"><ele>373.6</ele><time>2025-06-14T09:32:49Z</time></trkpt>
      <trkpt lat="49.975289" lon="14.300928"><ele>373.1</ele><time>2025-06-14T09:32:51Z</time></trkpt>
      <trkpt lat="49.975270" lon="14.300774"><ele>372.7</ele><time>2025-06-14T09:32:52Z</time></trkpt>
      <trkpt lat="49.975251" lon="14.300619"><ele>372.2</ele><time>2025-06-14T09:32:53Z</time></trkpt>
      <trkpt lat="49.975232" lon="14.300465"><ele>371.8</ele><time>2025-06-14T09:32:55Z</time></trkpt>
      <trkpt lat="49.975213" lon="14.300310"><ele>371.4</ele><time>2025-06-14T09:32:56Z</time></trkpt>
      <trkpt lat="49.975191" lon="14.300152"><ele>370.9</ele><time>2025-06-14T09:32:57Z</time></trkpt>
      <trkpt lat="49.975169" lon="14.299993"><ele>370.5</ele><time>2025-06-14T09:32:58Z</time></trkpt>
      <trkpt lat="49.975148" lon="14.299835"><ele>370.0</ele><time>2025-06-14T09:33:00Z</time></trkpt>
      <trkpt lat="49.975126" lon="14.299676"><ele>369.5</ele><time>2025-06-14T09:33:01Z</time></trkpt>
      <trkpt lat="49.975104" lon="14.299518"><ele>369.1</ele><time>2025-06-14T09:33:02Z</time></trkpt>
      <trkpt lat="49.975081" lon="14.299370"><ele>368.6</ele><time>2025-06-14T09:33:03Z</time></trkpt>
      <trkpt lat="49.975057" lon="14.299222"><ele>368.2</ele><time>2025-06-14T09:33:05Z</time></trkpt>
      <trkpt lat="49.975034" lon="14.299074"><ele>367.8</ele><time>2025-06-14T09:33:06Z</time></trkpt>
      <trkpt lat="49.975010" lon="14.298925"><ele>367.3</ele><time>2025-06-14T09:33:07Z</time></trkpt>
      <trkpt lat="49.974987" lon="14.298777"><ele>366.9</ele><time>2025-06-14T09:33:08Z</time></trkpt>
      <trkpt lat="49.974964" lon="14.298629"><ele>366.4</ele><time>2025-06-14T09:33:10Z</time></trkpt>
      <trkpt lat="49.974940" lon="14.298481"><ele>366.0</ele><time>2025-06-14T09:33:11Z</time></trkpt>
      <trkpt lat="49.974917" lon="14.298333"><ele>365.9</ele><time>2025-06-14T09:33:12Z</time></trkpt>
      <trkpt lat="49.974892" lon="14.298197"><ele>365.8</ele><time>2025-06-14T09:33:14Z</time></trkpt>
      <trkpt lat="49.974868" lon="14.298061"><ele>365.7</ele><time>2025-06-14T09:33:15Z</time></trkpt>
      <trkpt lat="49.974843" lon="14.297924"><ele>365.6</ele><time>2025-06-14T09:33:16Z</time></trkpt>
      <trkpt lat="49.974818" lon="14.297788"><ele>365.4</ele><time>2025-06-14T09:33:18Z</time></trkpt>
      <trkpt lat="49.974794" lon="14.297652"><ele>365.3</ele><time>2025-06-14T09:58:19Z</time></trkpt>
      <trkpt lat="49.974769" lon="14.297515"><ele>365.2</ele><time>2025-06-14T09:58:20Z</time></trkpt>
      <trkpt lat="49.974745" lon="14.297379"><ele>365.1</ele><time>2025-06-14T09:58:22Z</time></trkpt>
      <trkpt lat="49.974720" lon="14.297243"><ele>365.0</ele><time>2025-06-14T09:58:23Z</time></trkpt>
      <trkpt lat="49.974707" lon="14.297173"><ele>365.0</ele><time>2025-06-14T09:58:24Z</time></trkpt>
      <trkpt lat="49.974683" lon="14.297038"><ele>365.0</ele><time>2025-06-14T09:58:25Z</time></trkpt>
      <trkpt lat="49.974658" lon="14.296903"><ele>365.0</ele><time>2025-06-14T09:58:27Z</time></trkpt>
      <trkpt lat="49.974634" lon="14.296768"><ele>365.0</ele><time>2025-06-14T09:58:28Z</time></trkpt>
      <trkpt lat="49.974610" lon="14.296633"><ele>365.0</ele><time>2025-06-14T09:58:29Z</time></trkpt>
      <trkpt lat="49.974585" lon="14.296498"><ele>365.0</ele><time>2025-06-14T09:58:31Z</time></trkpt>
      <trkpt lat="49.974561" lon="14.296363"><ele>365.0</ele><time>2025-06-14T09:58:32Z</time></trkpt>
      <trkpt lat="49.974536" lon="14.296229"><ele>365.0</ele><time>2025-06-14T09:58:34Z</time></trkpt>
      <trkpt lat="49.974512" lon="14.296094"><ele>365.0</ele><time>2025-06-14T09:58:35Z</time></trkpt>
      <trkpt lat="49.974488" lon="14.295959"><ele>365.1</ele><time>2025-06-14T09:58:37Z</time></trkpt>
      <trkpt lat="49.974463" lon="14.295824"><ele>365.2</ele><time>2025-06-14T09:58:38Z</time></trkpt>
      <trkpt lat="49.974439" lon="14.295689"><ele>365.3</ele><time>2025-06-14T09:58:40Z</time></trkpt>
      <trkpt lat="49.974415" lon="14.295554"><ele>365.4</ele><time>2025-06-14T09:58:41Z</time></trkpt>
      <trkpt lat="49.974390" lon="14.295419"><ele>365.5</ele><time>2025-06-14T09:58:43Z</time></trkpt>
      <trkpt lat="49.974366" lon="14.295284"><ele>365.6</ele><time>2025-06-14T09:58:45Z</time></trkpt>
      <trkpt lat="49.974337" lon="14.295140"><ele>365.8</ele><time>2025-06-14T09:58:46Z</time></trkpt>
      <trkpt lat="49.974308" lon="14.294995"><ele>365.9</ele><time>2025-06-14T09:58:48Z</time></trkpt>
      <trkpt lat="49.974279" lon="14.294851"><ele>366.0</ele><time>2025-06-14T09:58:50Z</time></trkpt>
      <trkpt lat="49.974250" lon="14.294706"><ele>365.3</ele><time>2025-06-14T09:58:51Z</time></trkpt>
      <trkpt lat="49.974222" lon="14.294562"><ele>364.5</ele><time>2025-06-14T09:58:52Z</time></trkpt>
      <trkpt lat="49.974193" lon="14.294417"><ele>363.8</ele><time>2025-06-14T09:58:53Z</time></trkpt>
      <trkpt lat="49.974164" lon="14.294272"><ele>363.0</ele><time>2025-06-14T09:58:54Z</time></trkpt>
      <trkpt lat="49.974135" lon="14.294128"><ele>362.3</ele><time>2025-06-14T09:58:55Z</time></trkpt>
      <trkpt lat="49.974097" lon="14.293972"><ele>361.5</ele><time>2025-06-14T09:58:56Z</time></trkpt>
      <trkpt lat="49.974058" lon="14.293816"><ele>360.6</ele><time>2025-06-14T09:58:57Z</time></trkpt>
      <trkpt lat="49.974019" lon="14.293660"><ele>359.8</ele><time>2025-06-14T09:58:59Z</time></trkpt>
      <trkpt lat="49.973981" lon="14.293504"><ele>359.0</ele><time>2025-06-14T09:59:00Z</time></trkpt>
      <trkpt lat="49.973957" lon="14.293394"><ele>359.2</ele><time>2025-06-14T09:59:01Z</time></trkpt>
      <trkpt lat="49.973922" lon="14.293238"><ele>359.4</ele><time>2025-06-14T09:59:03Z</time></trkpt>
      <trkpt lat="49.973887" lon="14.293082"><ele>359.6</ele><time>2025-06-14T09:59:05Z</time></trkpt>
      <trkpt lat="49.973853" lon="14.292927"><ele>359.9</ele><time>2025-06-14T09:59:07Z</time></trkpt>
      <trkpt lat="49.973818" lon="14.292771"><ele>360.1</ele><time>2025-06-14T09:59:09Z</time></trkpt>
      <trkpt lat="49.973783" lon="14.292615"><ele>360.4</ele><time>2025-06-14T09:59:11Z</time></trkpt>
      <trkpt lat="49.973752" lon="14.292476"><ele>360.6</ele><time>2025-06-14T09:59:13Z</time></trkpt>
      <trkpt lat="49.973722" lon="14.292338"><ele>360.8</ele><time>2025-06-14T09:59:15Z</time></trkpt>
      <trkpt lat="49.973691" lon="14.292199"><ele>361.0</ele><time>2025-06-14T09:59:17Z</time></trkpt>
      <trkpt lat="49.973660" lon="14.292061"><ele>361.2</ele><time>2025-06-14T09:59:19Z</time></trkpt>
      <trkpt lat="49.973630" lon="14.291922"><ele>361.5</ele><time>2025-06-14T09:59:21Z</time></trkpt>
      <trkpt lat="49.973599" lon="14.291783"><ele>361.7</ele><time>2025-06-14T09:59:22Z</time></trkpt>
      <trkpt lat="49.973568" lon="14.291645"><ele>362.0</ele><time>2025-06-14T09:59:24Z</time></trkpt>
      <trkpt lat="49.973537" lon="14.291506"><ele>362.2</ele><time>2025-06-14T09:59:26Z</time></trkpt>
      <trkpt lat="49.973507" lon="14.291368"><ele>362.4</ele><time>2025-06-14T09:59:28Z</time></trkpt>
      <trkpt lat="49.973476" lon="14.291229"><ele>362.7</ele><time>2025-06-14T09:59:30Z</time></trkpt>
      <trkpt lat="49.973459" lon="14.291145"><ele>362.8</ele><time>2025-06-14T09:59:31Z</time></trkpt>
      <trkpt lat="49.973441" lon="14.291035"><ele>363.0</ele><time>2025-06-14T09:59:32Z</time></trkpt>
      <trkpt lat="49.973418" lon="14.290887"><ele>362.4</ele><time>2025-06-14T09:59:34Z</time></trkpt>
      <trkpt lat="49.973395" lon="14.290738"><ele>361.9</ele><time>2025-06-14T09:59:35Z</time></trkpt>
      <trkpt lat="49.973371" lon="14.290590"><ele>361.3</ele><time>2025-06-14T09:59:36Z</time></trkpt>
      <trkpt lat="49.973348" lon="14.290441"><ele>360.8</ele><time>2025-06-14T09:59:37Z</time></trkpt>
      <trkpt lat="49.973325" lon="14.290293"><ele>360.2</ele><time>2025-06-14T09:59:39Z</time></trkpt>
      <trkpt lat="49.973292" lon="14.290037"><ele>359.3</ele><time>2025-06-14T09:59:41Z</time></trkpt>
      <trkpt lat="49.973249" lon="14.289821"><ele>358.4</ele><time>2025-06-14T09:59:42Z</time></trkpt>
      <trkpt lat="49.973209" lon="14.289639"><ele>357.7</ele><time>2025-06-14T09:59:44Z</time></trkpt>
      <trkpt lat="49.973153" lon="14.289458"><ele>357.0</ele><time>2025-06-14T09:59:46Z</time></trkpt>
      <trkpt lat="49.973126" lon="14.289380"><ele>357.4</ele><time>2025-06-14T09:59:47Z</time></trkpt>
      <trkpt lat="49.973078" lon="14.289236"><ele>358.0</ele><time>2025-06-14T09:59:50Z</time></trkpt>
      <trkpt lat="49.973031" lon="14.289091"><ele>358.7</ele><time>2025-06-14T09:59:53Z</time></trkpt>
      <trkpt lat="49.972958" lon="14.288979"><ele>359.3</ele><time>2025-06-14T09:59:56Z</time></trkpt>
      <trkpt lat="49.972884" lon="14.288867"><ele>360.0</ele><time>2025-06-14T09:59:59Z</time></trkpt>
      <trkpt lat="49.972811" lon="14.288755"><ele>360.6</ele><time>2025-06-14T10:00:02Z</time></trkpt>
      <trkpt lat="49.972707" lon="14.288587"><ele>361.6</ele><time>2025-06-14T10:00:07Z</time></trkpt>
      <trkpt lat="49.972638" lon="14.288447"><ele>362.3</ele><time>2025-06-14T10:00:10Z</time></trkpt>
      <trkpt lat="49.972569" lon="14.288307"><ele>363.0</ele><time>2025-06-14T10:00:13Z</time></trkpt>
      <trkpt lat="49.972544" lon="14.288155"><ele>361.7</ele><time>2025-06-14T10:00:14Z</time></trkpt>
      <trkpt lat="49.972518" lon="14.288003"><ele>360.4</ele><time>2025-06-14T10:00:15Z</time></trkpt>
      <trkpt lat="49.972493" lon="14.287851"><ele>359.1</ele><time>2025-06-14T10:00:16Z</time></trkpt>
      <trkpt lat="49.972468" lon="14.287699"><ele>357.8</ele><time>2025-06-14T10:00:17Z</time></trkpt>
      <trkpt lat="49.972421" lon="14.287513"><ele>356.1</ele><time>2025-06-14T10:00:18Z</time></trkpt>
      <trkpt lat="49.972374" lon="14.287326"><ele>354.5</ele><time>2025-06-14T10:00:20Z</time></trkpt>
      <trkpt lat="49.972318" lon="14.287167"><ele>353.0</ele><time>2025-06-14T10:00:21Z</time></trkpt>
      <trkpt lat="49.972238" lon="14.287036"><ele>351.5</ele><time>2025-06-14T10:00:22Z</time></trkpt>
      <trkpt lat="49.972158" lon="14.286906"><ele>350.0</ele><time>2025-06-14T10:00:23Z</time></trkpt>
      <trkpt lat="49.972048" lon="14.286812"><ele>350.0</ele><time>2025-06-14T10:00:25Z</time></trkpt>
      <trkpt lat="49.971937" lon="14.286719"><ele>350.0</ele><time>2025-06-14T10:00:27Z</time></trkpt>
      <trkpt lat="49.971848" lon="14.286626"><ele>350.0</ele><time>2025-06-14T10:00:29Z</time></trkpt>
      <trkpt lat="49.971758" lon="14.286533"><ele>350.0</ele><time>2025-06-14T10:00:31Z</time></trkpt>
      <trkpt lat="49.971669" lon="14.286440"><ele>350.0</ele><time>2025-06-14T10:00:33Z</time></trkpt>
      <trkpt lat="49.971575" lon="14.286342"><ele>350.0</ele><time>2025-06-14T10:00:35Z</time></trkpt>
      <trkpt lat="49.971484" lon="14.286313"><ele>350.0</ele><time>2025-06-14T10:00:36Z</time></trkpt>
      <trkpt lat="49.971335" lon="14.286302"><ele>350.0</ele><time>2025-06-14T10:00:39Z</time></trkpt>
      <trkpt lat="49.971174" lon="14.286297"><ele>350.0</ele><time>2025-06-14T10:00:42Z</time></trkpt>
      <trkpt lat="49.971110" lon="14.286305"><ele>350.0</ele><time>2025-06-14T10:00:43Z</time></trkpt>
      <trkpt lat="49.971011" lon="14.286314"><ele>350.0</ele><time>2025-06-14T10:00:45Z</time></trkpt>
      <trkpt lat="49.970943" lon="14.286340"><ele>350.0</ele><time>2025-06-14T10:00:46Z</time></trkpt>
      <trkpt lat="49.970865" lon="14.286385"><ele>350.0</ele><time>2025-06-14T10:00:48Z</time></trkpt>
      <trkpt lat="49.970768" lon="14.286462"><ele>350.0</ele><time>2025-06-14T10:00:49Z</time></trkpt>
      <trkpt lat="49.970670" lon="14.286539"><ele>350.0</ele><time>2025-06-14T10:00:51Z</time></trkpt>
      <trkpt lat="49.970522" lon="14.286618"><ele>350.0</ele><time>2025-06-14T10:00:54Z</time></trkpt>
      <trkpt lat="49.970461" lon="14.286621"><ele>350.0</ele><time>2025-06-14T10:00:55Z</time></trkpt>
      <trkpt lat="49.970419" lon="14.286570"><ele>350.0</ele><time>2025-06-14T10:00:56Z</time></trkpt>
      <trkpt lat="49.970374" lon="14.286481"><ele>349.2</ele><time>2025-06-14T10:00:57Z</time></trkpt>
      <trkpt lat="49.970317" lon="14.286315"><ele>347.9</ele><time>2025-06-14T10:00:58Z</time></trkpt>
      <trkpt lat="49.970279" lon="14.286128"><ele>346.6</ele><time>2025-06-14T10:01:00Z</time></trkpt>
      <trkpt lat="49.970253" lon="14.285980"><ele>345.5</ele><time>2025-06-14T10:01:01Z</time></trkpt>
      <trkpt lat="49.970228" lon="14.285832"><ele>344.5</ele><time>2025-06-14T10:01:02Z</time></trkpt>
      <trkpt lat="49.970177" lon="14.285841"><ele>344.0</ele><time>2025-06-14T10:01:02Z</time></trkpt>
      <trkpt lat="49.970096" lon="14.285910"><ele>343.0</ele><time>2025-06-14T10:01:03Z</time></trkpt>
      <trkpt lat="49.970014" lon="14.285979"><ele>342.0</ele><time>2025-06-14T10:01:04Z</time></trkpt>
      <trkpt lat="49.969933" lon="14.286048"><ele>341.0</ele><time>2025-06-14T10:01:05Z</time></trkpt>
      <trkpt lat="49.969852" lon="14.286117"><ele>341.0</ele><time>2025-06-14T10:01:07Z</time></trkpt>
      <trkpt lat="49.969770" lon="14.286186"><ele>341.0</ele><time>2025-06-14T10:01:08Z</time></trkpt>
      <trkpt lat="49.969689" lon="14.286255"><ele>341.0</ele><time>2025-06-14T10:01:10Z</time></trkpt>
      <trkpt lat="49.969588" lon="14.286333"><ele>341.0</ele><time>2025-06-14T10:01:12Z</time></trkpt>
      <trkpt lat="49.969486" lon="14.286410"><ele>341.0</ele><time>2025-06-14T10:01:14Z</time></trkpt>
      <trkpt lat="49.969442" lon="14.286283"><ele>341.0</ele><time>2025-06-14T10:01:16Z</time></trkpt>
      <trkpt lat="49.969399" lon="14.286155"><ele>341.0</ele><time>2025-06-14T10:01:17Z</time></trkpt>
      <trkpt lat="49.969355" lon="14.286028"><ele>341.0</ele><time>2025-06-14T10:01:19Z</time></trkpt>
      <trkpt lat="49.969312" lon="14.285900"><ele>341.0</ele><time>2025-06-14T10:01:21Z</time></trkpt>
      <trkpt lat="49.969268" lon="14.285773"><ele>341.0</ele><time>2025-06-14T10:01:22Z</time></trkpt>
      <trkpt lat="49.969175" lon="14.285837"><ele>341.0</ele><time>2025-06-14T10:01:24Z</time></trkpt>
      <trkpt lat="49.969083" lon="14.285901"><ele>341.0</ele><time>2025-06-14T10:01:26Z</time></trkpt>
      <trkpt lat="49.968990" lon="14.285965"><ele>341.0</ele><time>2025-06-14T10:01:28Z</time></trkpt>
      <trkpt lat="49.969083" lon="14.285901"><ele>341.0</ele><time>2025-06-14T10:01:29Z</time></trkpt>
      <trkpt lat="49.969175" lon="14.285837"><ele>341.0</ele><time>2025-06-14T10:01:31Z</time></trkpt>
      <trkpt lat="49.969268" lon="14.285773"><ele>341.0</ele><time>2025-06-14T10:01:33Z</time></trkpt>
      <trkpt lat="49.969312" lon="14.285900"><ele>341.0</ele><time>2025-06-14T10:01:35Z</time></trkpt>
      <trkpt lat="49.969355" lon="14.286028"><ele>341.0</ele><time>2025-06-14T10:01:36Z</time></trkpt>
      <trkpt lat="49.969399" lon="14.286155"><ele>342.0</ele><time>2025-06-14T10:01:40Z</time></trkpt>
      <trkpt lat="49.969442" lon="14.286283"><ele>342.9</ele><time>2025-06-14T10:01:45Z</time></trkpt>
      <trkpt lat="49.969486" lon="14.286410"><ele>343.9</ele><time>2025-06-14T10:01:49Z</time></trkpt>
      <trkpt lat="49.969588" lon="14.286333"><ele>345.0</ele><time>2025-06-14T10:01:54Z</time></trkpt>
      <trkpt lat="49.969689" lon="14.286255"><ele>346.2</ele><time>2025-06-14T10:01:59Z</time></trkpt>
      <trkpt lat="49.969770" lon="14.286186"><ele>347.1</ele><time>2025-06-14T10:02:03Z</time></trkpt>
      <trkpt lat="49.969852" lon="14.286117"><ele>348.1</ele><time>2025-06-14T10:02:07Z</time></trkpt>
      <trkpt lat="49.969933" lon="14.286048"><ele>349.0</ele><time>2025-06-14T10:02:11Z</time></trkpt>
      <trkpt lat="49.970014" lon="14.285979"><ele>350.0</ele><time>2025-06-14T10:02:15Z</time></trkpt>
      <trkpt lat="49.970096" lon="14.285910"><ele>350.0</ele><time>2025-06-14T10:02:17Z</time></trkpt>
      <trkpt lat="49.970177" lon="14.285841"><ele>350.0</ele><time>2025-06-14T10:02:18Z</time></trkpt>
      <trkpt lat="49.970228" lon="14.285832"><ele>350.0</ele><time>2025-06-14T10:02:19Z</time></trkpt>
      <trkpt lat="49.970253" lon="14.285980"><ele>350.0</ele><time>2025-06-14T10:02:21Z</time></trkpt>
      <trkpt lat="49.970279" lon="14.286128"><ele>350.0</ele><time>2025-06-14T10:02:23Z</time></trkpt>
      <trkpt lat="49.970317" lon="14.286315"><ele>350.0</ele><time>2025-06-14T10:02:25Z</time></trkpt>
      <trkpt lat="49.970374" lon="14.286481"><ele>350.0</ele><time>2025-06-14T10:02:27Z</time></trkpt>
      <trkpt lat="49.970419" lon="14.286570"><ele>350.0</ele><time>2025-06-14T10:02:28Z</time></trkpt>
      <trkpt lat="49.970461" lon="14.286621"><ele>350.0</ele><time>2025-06-14T10:02:29Z</time></trkpt>
      <trkpt lat="49.970522" lon="14.286618"><ele>350.0</ele><time>2025-06-14T10:02:30Z</time></trkpt>
      <trkpt lat="49.970670" lon="14.286539"><ele>350.0</ele><time>2025-06-14T10:02:33Z</time></trkpt>
      <trkpt lat="49.970768" lon="14.286462"><ele>350.0</ele><time>2025-06-14T10:02:35Z</time></trkpt>
      <trkpt lat="49.970865" lon="14.286385"><ele>350.0</ele><time>2025-06-14T10:02:37Z</time></trkpt>
      <trkpt lat="49.970943" lon="14.286340"><ele>350.0</ele><time>2025-06-14T10:02:38Z</time></trkpt>
      <trkpt lat="49.971011" lon="14.286314"><ele>350.0</ele><time>2025-06-14T10:02:40Z</time></trkpt>
      <trkpt lat="49.971110" lon="14.286305"><ele>350.0</ele><time>2025-06-14T10:02:41Z</time></trkpt>
      <trkpt lat="49.971174" lon="14.286297"><ele>350.0</ele><time>2025-06-14T10:02:42Z</time></trkpt>
      <trkpt lat="49.971335" lon="14.286302"><ele>350.0</ele><time>2025-06-14T10:02:45Z</time></trkpt>
      <trkpt lat="49.971484" lon="14.286313"><ele>350.0</ele><time>2025-06-14T10:02:48Z</time></trkpt>
      <trkpt lat="49.971575" lon="14.286342"><ele>350.0</ele><time>2025-06-14T10:02:49Z</time></trkpt>
      <trkpt lat="49.971669" lon="14.286440"><ele>350.0</ele><time>2025-06-14T10:02:51Z</time></trkpt>
      <trkpt lat="49.971758" lon="14.286533"><ele>350.0</ele><time>2025-06-14T10:02:53Z</time></trkpt>
      <trkpt lat="49.971848" lon="14.286626"><ele>350.0</ele><time>2025-06-14T10:02:55Z</time></trkpt>
      <trkpt lat="49.971937" lon="14.286719"><ele>350.0</ele><time>2025-06-14T10:02:57Z</time></trkpt>
      <trkpt lat="49.972048" lon="14.286812"><ele>350.0</ele><time>2025-06-14T10:02:59Z</time></trkpt>
      <trkpt lat="49.972158" lon="14.286906"><ele>350.0</ele><time>2025-06-14T10:03:01Z</time></trkpt>
      <trkpt lat="49.972242" lon="14.286823"><ele>350.0</ele><time>2025-06-14T10:03:03Z</time></trkpt>
      <trkpt lat="49.972327" lon="14.286741"><ele>351.2</ele><time>2025-06-14T10:03:07Z</time></trkpt>
      <trkpt lat="49.972411" lon="14.286658"><ele>352.3</ele><time>2025-06-14T10:03:12Z</time></trkpt>
      <trkpt lat="49.972496" lon="14.286576"><ele>353.5</ele><time>2025-06-14T10:03:16Z</time></trkpt>
      <trkpt lat="49.972580" lon="14.286493"><ele>354.6</ele><time>2025-06-14T10:03:21Z</time></trkpt>
      <trkpt lat="49.972715" lon="14.286387"><ele>356.4</ele><time>2025-06-14T10:03:27Z</time></trkpt>
      <trkpt lat="49.972709" lon="14.286246"><ele>357.4</ele><time>2025-06-14T10:03:31Z</time></trkpt>
      <trkpt lat="49.972703" lon="14.286105"><ele>358.5</ele><time>2025-06-14T10:03:35Z</time></trkpt>
      <trkpt lat="49.972697" lon="14.285964"><ele>359.5</ele><time>2025-06-14T10:03:39Z</time></trkpt>
      <trkpt lat="49.972663" lon="14.285770"><ele>361.0</ele><time>2025-06-14T10:03:45Z</time></trkpt>
      <trkpt lat="49.972629" lon="14.285575"><ele>361.1</ele><time>2025-06-14T10:03:47Z</time></trkpt>
      <trkpt lat="49.972594" lon="14.285415"><ele>361.3</ele><time>2025-06-14T10:03:49Z</time></trkpt>
      <trkpt lat="49.972559" lon="14.285254"><ele>361.4</ele><time>2025-06-14T10:03:51Z</time></trkpt>
      <trkpt lat="49.972524" lon="14.285094"><ele>361.5</ele><time>2025-06-14T10:03:53Z</time></trkpt>
      <trkpt lat="49.972491" lon="14.284952"><ele>361.6</ele><time>2025-06-14T10:03:55Z</time></trkpt>
      <trkpt lat="49.972458" lon="14.284810"><ele>361.7</ele><time>2025-06-14T10:03:57Z</time></trkpt>
      <trkpt lat="49.972424" lon="14.284668"><ele>361.8</ele><time>2025-06-14T10:03:59Z</time></trkpt>
      <trkpt lat="49.972391" lon="14.284526"><ele>361.9</ele><time>2025-06-14T10:04:00Z</time></trkpt>
      <trkpt lat="49.972358" lon="14.284384"><ele>362.0</ele><time>2025-06-14T10:04:02Z</time></trkpt>
      <trkpt lat="49.972325" lon="14.284243"><ele>362.8</ele><time>2025-06-14T10:04:05Z</time></trkpt>
      <trkpt lat="49.972292" lon="14.284101"><ele>363.6</ele><time>2025-06-14T10:04:08Z</time></trkpt>
      <trkpt lat="49.972259" lon="14.283959"><ele>364.3</ele><time>2025-06-14T10:04:12Z</time></trkpt>
      <trkpt lat="49.972225" lon="14.283817"><ele>365.1</ele><time>2025-06-14T10:04:15Z</time></trkpt>
      <trkpt lat="49.972192" lon="14.283675"><ele>365.9</ele><time>2025-06-14T10:04:18Z</time></trkpt>
      <trkpt lat="49.972159" lon="14.283533"><ele>366.7</ele><time>2025-06-14T10:04:21Z</time></trkpt>
      <trkpt lat="49.972125" lon="14.283392"><ele>367.4</ele><time>2025-06-14T10:04:24Z</time></trkpt>
      <trkpt lat="49.972091" lon="14.283251"><ele>368.2</ele><time>2025-06-14T10:04:27Z</time></trkpt>
      <trkpt lat="49.972057" lon="14.283111"><ele>369.0</ele><time>2025-06-14T10:04:30Z</time></trkpt>
      <trkpt lat="49.972023" lon="14.282970"><ele>369.2</ele><time>2025-06-14T10:04:32Z</time></trkpt>
      <trkpt lat="49.971989" lon="14.282829"><ele>369.4</ele><time>2025-06-14T10:04:34Z</time></trkpt>
      <trkpt lat="49.971959" lon="14.282689"><ele>369.6</ele><time>2025-06-14T10:04:36Z</time></trkpt>
      <trkpt lat="49.971929" lon="14.282548"><ele>369.9</ele><time>2025-06-14T10:04:38Z</time></trkpt>
      <trkpt lat="49.971899" lon="14.282408"><ele>370.1</ele><time>2025-06-14T10:04:39Z</time></trkpt>
      <trkpt lat="49.971869" lon="14.282267"><ele>370.3</ele><time>2025-06-14T10:04:41Z</time></trkpt>
      <trkpt lat="49.971839" lon="14.282127"><ele>370.5</ele><time>2025-06-14T10:04:43Z</time></trkpt>
      <trkpt lat="49.971829" lon="14.281951"><ele>370.7</ele><time>2025-06-14T10:04:45Z</time></trkpt>
      <trkpt lat="49.971819" lon="14.281775"><ele>371.0</ele><time>2025-06-14T10:04:47Z</time></trkpt>
      <trkpt lat="49.971809" lon="14.281599"><ele>371.2</ele><time>2025-06-14T10:04:49Z</time></trkpt>
      <trkpt lat="49.971815" lon="14.281390"><ele>371.5</ele><time>2025-06-14T10:04:52Z</time></trkpt>
      <trkpt lat="49.971821" lon="14.281181"><ele>371.8</ele><time>2025-06-14T10:04:54Z</time></trkpt>
      <trkpt lat="49.971838" lon="14.281036"><ele>372.0</ele><time>2025-06-14T10:04:56Z</time></trkpt>
      <trkpt lat="49.971854" lon="14.280891"><ele>372.2</ele><time>2025-06-14T10:04:58Z</time></trkpt>
      <trkpt lat="49.971871" lon="14.280747"><ele>372.4</ele><time>2025-06-14T10:05:00Z</time></trkpt>
      <trkpt lat="49.971887" lon="14.280602"><ele>372.6</ele><time>2025-06-14T10:05:01Z</time></trkpt>
      <trkpt lat="49.971904" lon="14.280457"><ele>372.8</ele><time>2025-06-14T10:05:03Z</time></trkpt>
      <trkpt lat="49.971932" lon="14.280308"><ele>373.0</ele><time>2025-06-14T10:05:05Z</time></trkpt>
      <trkpt lat="49.971961" lon="14.280158"><ele>373.3</ele><time>2025-06-14T10:05:07Z</time></trkpt>
      <trkpt lat="49.971989" lon="14.280009"><ele>373.7</ele><time>2025-06-14T10:05:09Z</time></trkpt>
      <trkpt lat="49.972018" lon="14.279859"><ele>374.0</ele><time>2025-06-14T10:05:11Z</time></trkpt>
      <trkpt lat="49.972046" lon="14.279710"><ele>374.4</ele><time>2025-06-14T10:05:13Z</time></trkpt>
      <trkpt lat="49.972080" lon="14.279574"><ele>374.7</ele><time>2025-06-14T10:05:15Z</time></trkpt>
      <trkpt lat="49.972115" lon="14.279437"><ele>375.0</ele><time>2025-06-14T10:05:17Z</time></trkpt>
      <trkpt lat="49.972150" lon="14.279301"><ele>375.4</ele><time>2025-06-14T10:05:19Z</time></trkpt>
      <trkpt lat="49.972184" lon="14.279165"><ele>375.7</ele><time>2025-06-14T10:05:20Z</time></trkpt>
      <trkpt lat="49.972219" lon="14.279028"><ele>376.0</ele><time>2025-06-14T10:05:22Z</time></trkpt>
      <trkpt lat="49.972253" lon="14.278892"><ele>376.5</ele><time>2025-06-14T10:05:24Z</time></trkpt>
      <trkpt lat="49.972293" lon="14.278766"><ele>376.9</ele><time>2025-06-14T10:05:26Z</time></trkpt>
      <trkpt lat="49.972332" lon="14.278640"><ele>377.3</ele><time>2025-06-14T10:05:28Z</time></trkpt>
      <trkpt lat="49.972372" lon="14.278514"><ele>377.8</ele><time>2025-06-14T10:05:30Z</time></trkpt>
      <trkpt lat="49.972412" lon="14.278388"><ele>378.2</ele><time>2025-06-14T10:05:32Z</time></trkpt>
      <trkpt lat="49.972452" lon="14.278262"><ele>378.7</ele><time>2025-06-14T10:05:34Z</time></trkpt>
      <trkpt lat="49.972491" lon="14.278136"><ele>379.1</ele><time>2025-06-14T10:05:36Z</time></trkpt>
      <trkpt lat="49.972531" lon="14.278010"><ele>379.6</ele><time>2025-06-14T10:05:38Z</time></trkpt>
      <trkpt lat="49.972571" lon="14.277884"><ele>380.0</ele><time>2025-06-14T10:05:40Z</time></trkpt>
      <trkpt lat="49.972610" lon="14.277758"><ele>380.4</ele><time>2025-06-14T10:05:42Z</time></trkpt>
      <trkpt lat="49.972650" lon="14.277632"><ele>380.8</ele><time>2025-06-14T10:05:44Z</time></trkpt>
      <trkpt lat="49.972690" lon="14.277506"><ele>381.2</ele><time>2025-06-14T10:05:46Z</time></trkpt>
      <trkpt lat="49.972730" lon="14.277380"><ele>381.6</ele><time>2025-06-14T10:05:48Z</time></trkpt>
      <trkpt lat="49.972769" lon="14.277254"><ele>382.1</ele><time>2025-06-14T10:05:50Z</time></trkpt>
      <trkpt lat="49.972809" lon="14.277128"><ele>382.5</ele><time>2025-06-14T10:05:52Z</time></trkpt>
      <trkpt lat="49.972849" lon="14.276965"><ele>383.0</ele><time>2025-06-14T10:05:55Z</time></trkpt>
      <trkpt lat="49.972889" lon="14.276803"><ele>383.5</ele><time>2025-06-14T10:05:57Z</time></trkpt>
      <trkpt lat="49.972929" lon="14.276640"><ele>384.0</ele><time>2025-06-14T10:05:59Z</time></trkpt>
      <trkpt lat="49.972969" lon="14.276478"><ele>384.1</ele><time>2025-06-14T10:06:01Z</time></trkpt>
      <trkpt lat="49.972989" lon="14.276307"><ele>384.2</ele><time>2025-06-14T10:06:03Z</time></trkpt>
      <trkpt lat="49.973009" lon="14.276137"><ele>384.4</ele><time>2025-06-14T10:06:05Z</time></trkpt>
      <trkpt lat="49.973010" lon="14.275982"><ele>384.5</ele><time>2025-06-14T10:06:07Z</time></trkpt>
      <trkpt lat="49.973011" lon="14.275827"><ele>384.6</ele><time>2025-06-14T10:06:08Z</time></trkpt>
      <trkpt lat="49.973013" lon="14.275672"><ele>384.7</ele><time>2025-06-14T10:06:10Z</time></trkpt>
      <trkpt lat="49.973014" lon="14.275517"><ele>384.8</ele><time>2025-06-14T10:06:12Z</time></trkpt>
      <trkpt lat="49.973015" lon="14.275361"><ele>384.9</ele><time>2025-06-14T10:06:13Z</time></trkpt>
      <trkpt lat="49.973016" lon="14.275206"><ele>385.0</ele><time>2025-06-14T10:06:15Z</time></trkpt>
      <trkpt lat="49.973018" lon="14.275051"><ele>385.2</ele><time>2025-06-14T10:06:17Z</time></trkpt>
      <trkpt lat="49.973019" lon="14.274896"><ele>385.5</ele><time>2025-06-14T10:06:19Z</time></trkpt>
      <trkpt lat="49.973020" lon="14.274741"><ele>385.7</ele><time>2025-06-14T10:06:20Z</time></trkpt>
      <trkpt lat="49.973032" lon="14.274586"><ele>385.9</ele><time>2025-06-14T10:06:22Z</time></trkpt>
      <trkpt lat="49.973043" lon="14.274431"><ele>386.2</ele><time>2025-06-14T10:06:24Z</time></trkpt>
      <trkpt lat="49.973055" lon="14.274276"><ele>386.4</ele><time>2025-06-14T10:06:26Z</time></trkpt>
      <trkpt lat="49.973061" lon="14.274189"><ele>386.5</ele><time>2025-06-14T10:06:27Z</time></trkpt>
      <trkpt lat="49.973086" lon="14.274034"><ele>386.8</ele><time>2025-06-14T10:06:29Z</time></trkpt>
      <trkpt lat="49.973111" lon="14.273879"><ele>387.0</ele><time>2025-06-14T10:06:31Z</time></trkpt>
      <trkpt lat="49.973143" lon="14.273734"><ele>387.1</ele><time>2025-06-14T10:06:32Z</time></trkpt>
      <trkpt lat="49.973174" lon="14.273590"><ele>387.2</ele><time>2025-06-14T10:06:34Z</time></trkpt>
      <trkpt lat="49.973206" lon="14.273445"><ele>387.3</ele><time>2025-06-14T10:06:36Z</time></trkpt>
      <trkpt lat="49.973246" lon="14.273307"><ele>387.4</ele><time>2025-06-14T10:06:37Z</time></trkpt>
      <trkpt lat="49.973287" lon="14.273169"><ele>387.6</ele><time>2025-06-14T10:06:39Z</time></trkpt>
      <trkpt lat="49.973327" lon="14.273030"><ele>387.7</ele><time>2025-06-14T10:06:41Z</time></trkpt>
      <trkpt lat="49.973368" lon="14.272892"><ele>387.8</ele><time>2025-06-14T10:06:42Z</time></trkpt>
      <trkpt lat="49.973408" lon="14.272754"><ele>387.9</ele><time>2025-06-14T10:06:44Z</time></trkpt>
      <trkpt lat="49.973449" lon="14.272616"><ele>388.0</ele><time>2025-06-14T10:06:46Z</time></trkpt>
      <trkpt lat="49.973489" lon="14.272478"><ele>388.0</ele><time>2025-06-14T10:06:47Z</time></trkpt>
      <trkpt lat="49.973530" lon="14.272339"><ele>388.0</ele><time>2025-06-14T10:06:49Z</time></trkpt>
      <trkpt lat="49.973571" lon="14.272201"><ele>388.0</ele><time>2025-06-14T10:06:50Z</time></trkpt>
      <trkpt lat="49.973611" lon="14.272063"><ele>388.0</ele><time>2025-06-14T10:06:52Z</time></trkpt>
      <trkpt lat="49.973642" lon="14.271923"><ele>388.0</ele><time>2025-06-14T10:06:53Z</time></trkpt>
      <trkpt lat="49.973673" lon="14.271783"><ele>388.0</ele><time>2025-06-14T10:06:55Z</time></trkpt>
      <trkpt lat="49.973704" lon="14.271642"><ele>388.0</ele><time>2025-06-14T10:06:56Z</time></trkpt>
      <trkpt lat="49.973735" lon="14.271502"><ele>388.0</ele><time>2025-06-14T10:06:58Z</time></trkpt>
      <trkpt lat="49.973766" lon="14.271362"><ele>388.0</ele><time>2025-06-14T10:06:59Z</time></trkpt>
      <trkpt lat="49.973797" lon="14.271222"><ele>388.0</ele><time>2025-06-14T10:07:01Z</time></trkpt>
      <trkpt lat="49.973821" lon="14.271073"><ele>388.0</ele><time>2025-06-14T10:07:03Z</time></trkpt>
      <trkpt lat="49.973844" lon="14.270925"><ele>388.0</ele><time>2025-06-14T10:07:04Z</time></trkpt>
      <trkpt lat="49.973858" lon="14.270781"><ele>388.0</ele><time>2025-06-14T10:07:06Z</time></trkpt>
      <trkpt lat="49.973872" lon="14.270637"><ele>388.0</ele><time>2025-06-14T10:07:07Z</time></trkpt>
      <trkpt lat="49.973886" lon="14.270492"><ele>388.0</ele><time>2025-06-14T10:07:09Z</time></trkpt>
      <trkpt lat="49.973900" lon="14.270348"><ele>388.0</ele><time>2025-06-14T10:07:10Z</time></trkpt>
      <trkpt lat="49.973914" lon="14.270204"><ele>388.0</ele><time>2025-06-14T10:07:12Z</time></trkpt>
      <trkpt lat="49.973928" lon="14.270060"><ele>388.0</ele><time>2025-06-14T10:07:13Z</time></trkpt>
      <trkpt lat="49.973942" lon="14.269916"><ele>387.8</ele><time>2025-06-14T10:07:15Z</time></trkpt>
      <trkpt lat="49.973956" lon="14.269772"><ele>387.6</ele><time>2025-06-14T10:07:16Z</time></trkpt>
      <trkpt lat="49.973970" lon="14.269628"><ele>387.4</ele><time>2025-06-14T10:07:17Z</time></trkpt>
      <trkpt lat="49.973984" lon="14.269483"><ele>387.2</ele><time>2025-06-14T10:07:19Z</time></trkpt>
      <trkpt lat="49.973998" lon="14.269339"><ele>386.9</ele><time>2025-06-14T10:07:20Z</time></trkpt>
      <trkpt lat="49.974012" lon="14.269195"><ele>386.7</ele><time>2025-06-14T10:07:21Z</time></trkpt>
      <trkpt lat="49.974040" lon="14.269034"><ele>386.5</ele><time>2025-06-14T10:07:23Z</time></trkpt>
      <trkpt lat="49.974067" lon="14.268873"><ele>386.2</ele><time>2025-06-14T10:07:24Z</time></trkpt>
      <trkpt lat="49.974094" lon="14.268712"><ele>386.0</ele><time>2025-06-14T10:07:26Z</time></trkpt>
      <trkpt lat="49.974122" lon="14.268551"><ele>385.9</ele><time>2025-06-14T10:07:28Z</time></trkpt>
      <trkpt lat="49.974157" lon="14.268421"><ele>385.8</ele><time>2025-06-14T10:07:29Z</time></trkpt>
      <trkpt lat="49.974193" lon="14.268290"><ele>385.7</ele><time>2025-06-14T10:07:30Z</time></trkpt>
      <trkpt lat="49.974228" lon="14.268160"><ele>385.5</ele><time>2025-06-14T10:07:32Z</time></trkpt>
      <trkpt lat="49.974263" lon="14.268030"><ele>385.4</ele><time>2025-06-14T10:07:33Z</time></trkpt>
      <trkpt lat="49.974299" lon="14.267899"><ele>385.3</ele><time>2025-06-14T10:07:34Z</time></trkpt>
      <trkpt lat="49.974334" lon="14.267769"><ele>385.2</ele><time>2025-06-14T10:07:36Z</time></trkpt>
      <trkpt lat="49.974375" lon="14.267644"><ele>385.1</ele><time>2025-06-14T10:07:37Z</time></trkpt>
      <trkpt lat="49.974417" lon="14.267519"><ele>385.0</ele><time>2025-06-14T10:07:39Z</time></trkpt>
      <trkpt lat="49.974458" lon="14.267394"><ele>384.9</ele><time>2025-06-14T10:07:40Z</time></trkpt>
      <trkpt lat="49.974500" lon="14.267269"><ele>384.8</ele><time>2025-06-14T10:07:41Z</time></trkpt>
      <trkpt lat="49.974541" lon="14.267144"><ele>384.7</ele><time>2025-06-14T10:07:43Z</time></trkpt>
      <trkpt lat="49.974582" lon="14.267019"><ele>384.6</ele><time>2025-06-14T10:07:44Z</time></trkpt>
      <trkpt lat="49.974624" lon="14.266894"><ele>384.4</ele><time>2025-06-14T10:07:46Z</time></trkpt>
      <trkpt lat="49.974665" lon="14.266769"><ele>384.3</ele><time>2025-06-14T10:07:47Z</time></trkpt>
      <trkpt lat="49.974707" lon="14.266644"><ele>384.2</ele><time>2025-06-14T10:07:48Z</time></trkpt>
      <trkpt lat="49.974748" lon="14.266519"><ele>384.1</ele><time>2025-06-14T10:07:50Z</time></trkpt>
      <trkpt lat="49.974778" lon="14.266381"><ele>384.0</ele><time>2025-06-14T10:07:51Z</time></trkpt>
      <trkpt lat="49.974807" lon="14.266244"><ele>384.2</ele><time>2025-06-14T10:07:53Z</time></trkpt>
      <trkpt lat="49.974837" lon="14.266106"><ele>384.4</ele><time>2025-06-14T10:07:55Z</time></trkpt>
      <trkpt lat="49.974867" lon="14.265969"><ele>384.7</ele><time>2025-06-14T10:07:57Z</time></trkpt>
      <trkpt lat="49.974897" lon="14.265831"><ele>384.9</ele><time>2025-06-14T10:07:59Z</time></trkpt>
      <trkpt lat="49.974926" lon="14.265694"><ele>385.1</ele><time>2025-06-14T10:08:01Z</time></trkpt>
      <trkpt lat="49.974956" lon="14.265556"><ele>385.3</ele><time>2025-06-14T10:08:03Z</time></trkpt>
      <trkpt lat="49.974986" lon="14.265463"><ele>385.5</ele><time>2025-06-14T10:08:04Z</time></trkpt>
      <trkpt lat="49.975026" lon="14.265347"><ele>385.7</ele><time>2025-06-14T10:08:06Z</time></trkpt>
      <trkpt lat="49.975115" lon="14.265192"><ele>386.0</ele><time>2025-06-14T10:08:08Z</time></trkpt>
      <trkpt lat="49.975199" lon="14.265113"><ele>386.0</ele><time>2025-06-14T10:08:10Z</time></trkpt>
      <trkpt lat="49.975283" lon="14.265033"><ele>386.0</ele><time>2025-06-14T10:08:12Z</time></trkpt>
      <trkpt lat="49.975366" lon="14.264974"><ele>386.0</ele><time>2025-06-14T10:08:13Z</time></trkpt>
      <trkpt lat="49.975449" lon="14.264915"><ele>386.0</ele><time>2025-06-14T10:08:15Z</time></trkpt>
      <trkpt lat="49.975532" lon="14.264857"><ele>386.0</ele><time>2025-06-14T10:08:16Z</time></trkpt>
      <trkpt lat="49.975615" lon="14.264798"><ele>386.0</ele><time>2025-06-14T10:08:18Z</time></trkpt>
      <trkpt lat="49.975697" lon="14.264739"><ele>386.0</ele><time>2025-06-14T10:08:19Z</time></trkpt>
      <trkpt lat="49.975780" lon="14.264680"><ele>386.0</ele><time>2025-06-14T10:08:21Z</time></trkpt>
      <trkpt lat="49.975863" lon="14.264621"><ele>386.0</ele><time>2025-06-14T10:08:23Z</time></trkpt>
      <trkpt lat="49.975946" lon="14.264563"><ele>385.8</ele><time>2025-06-14T10:08:24Z</time></trkpt>
      <trkpt lat="49.976029" lon="14.264504"><ele>385.6</ele><time>2025-06-14T10:08:25Z</time></trkpt>
      <trkpt lat="49.976112" lon="14.264445"><ele>385.3</ele><time>2025-06-14T10:08:27Z</time></trkpt>
      <trkpt lat="49.976195" lon="14.264386"><ele>385.1</ele><time>2025-06-14T10:08:28Z</time></trkpt>
      <trkpt lat="49.976278" lon="14.264327"><ele>384.9</ele><time>2025-06-14T10:08:29Z</time></trkpt>
      <trkpt lat="49.976360" lon="14.264269"><ele>384.7</ele><time>2025-06-14T10:08:31Z</time></trkpt>
      <trkpt lat="49.976443" lon="14.264210"><ele>384.4</ele><time>2025-06-14T10:08:32Z</time></trkpt>
      <trkpt lat="49.976526" lon="14.264151"><ele>384.2</ele><time>2025-06-14T10:08:33Z</time></trkpt>
      <trkpt lat="49.976609" lon="14.264092"><ele>384.0</ele><time>2025-06-14T10:08:35Z</time></trkpt>
      <trkpt lat="49.976692" lon="14.264033"><ele>384.0</ele><time>2025-06-14T10:08:36Z</time></trkpt>
      <trkpt lat="49.976775" lon="14.263975"><ele>384.0</ele><time>2025-06-14T10:08:38Z</time></trkpt>
      <trkpt lat="49.976858" lon="14.263916"><ele>384.0</ele><time>2025-06-14T10:08:40Z</time></trkpt>
      <trkpt lat="49.976941" lon="14.263857"><ele>384.0</ele><time>2025-06-14T10:08:41Z</time></trkpt>
      <trkpt lat="49.977023" lon="14.263798"><ele>384.0</ele><time>2025-06-14T10:08:43Z</time></trkpt>
      <trkpt lat="49.977106" lon="14.263739"><ele>384.0</ele><time>2025-06-14T10:08:44Z</time></trkpt>
      <trkpt lat="49.977189" lon="14.263681"><ele>384.0</ele><time>2025-06-14T10:08:46Z</time></trkpt>
      <trkpt lat="49.977272" lon="14.263622"><ele>384.0</ele><time>2025-06-14T10:08:48Z</time></trkpt>
      <trkpt lat="49.977355" lon="14.263563"><ele>384.0</ele><time>2025-06-14T10:08:49Z</time></trkpt>
      <trkpt lat="49.977466" lon="14.263472"><ele>384.0</ele><time>2025-06-14T10:08:51Z</time></trkpt>
      <trkpt lat="49.977577" lon="14.263382"><ele>384.0</ele><time>2025-06-14T10:08:54Z</time></trkpt>
      <trkpt lat="49.977660" lon="14.263307"><ele>384.0</ele><time>2025-06-14T10:08:55Z</time></trkpt>
      <trkpt lat="49.977742" lon="14.263232"><ele>384.0</ele><time>2025-06-14T10:08:57Z</time></trkpt>
      <trkpt lat="49.977825" lon="14.263157"><ele>384.0</ele><time>2025-06-14T10:08:59Z</time></trkpt>
      <trkpt lat="49.977907" lon="14.263082"><ele>384.0</ele><time>2025-06-14T10:09:00Z</time></trkpt>
      <trkpt lat="49.977990" lon="14.263006"><ele>384.0</ele><time>2025-06-14T10:09:02Z</time></trkpt>
      <trkpt lat="49.978073" lon="14.262931"><ele>384.0</ele><time>2025-06-14T10:09:04Z</time></trkpt>
      <trkpt lat="49.978155" lon="14.262856"><ele>384.0</ele><time>2025-06-14T10:09:06Z</time></trkpt>
      <trkpt lat="49.978238" lon="14.262781"><ele>383.8</ele><time>2025-06-14T10:09:07Z</time></trkpt>
      <trkpt lat="49.978320" lon="14.262706"><ele>383.5</ele><time>2025-06-14T10:09:08Z</time></trkpt>
      <trkpt lat="49.978403" lon="14.262631"><ele>383.3</ele><time>2025-06-14T10:09:10Z</time></trkpt>
      <trkpt lat="49.978353" lon="14.262510"><ele>383.1</ele><time>2025-06-14T10:09:11Z</time></trkpt>
      <trkpt lat="49.978303" lon="14.262388"><ele>382.9</ele><time>2025-06-14T10:09:13Z</time></trkpt>
      <trkpt lat="49.978268" lon="14.262254"><ele>382.7</ele><time>2025-06-14T10:09:14Z</time></trkpt>
      <trkpt lat="49.978234" lon="14.262121"><ele>382.4</ele><time>2025-06-14T10:09:16Z</time></trkpt>
      <trkpt lat="49.978199" lon="14.261987"><ele>382.2</ele><time>2025-06-14T10:09:17Z</time></trkpt>
      <trkpt lat="49.978164" lon="14.261853"><ele>382.0</ele><time>2025-06-14T10:09:18Z</time></trkpt>
      <trkpt lat="49.978130" lon="14.261720"><ele>381.8</ele><time>2025-06-14T10:09:20Z</time></trkpt>
      <trkpt lat="49.978095" lon="14.261586"><ele>381.6</ele><time>2025-06-14T10:09:21Z</time></trkpt>
      <trkpt lat="49.978063" lon="14.261453"><ele>381.3</ele><time>2025-06-14T10:09:23Z</time></trkpt>
      <trkpt lat="49.978031" lon="14.261320"><ele>381.1</ele><time>2025-06-14T10:09:24Z</time></trkpt>
      <trkpt lat="49.977999" lon="14.261186"><ele>380.9</ele><time>2025-06-14T10:09:26Z</time></trkpt>
      <trkpt lat="49.977967" lon="14.261053"><ele>380.7</ele><time>2025-06-14T10:09:27Z</time></trkpt>
      <trkpt lat="49.977935" lon="14.260920"><ele>380.4</ele><time>2025-06-14T10:09:28Z</time></trkpt>
      <trkpt lat="49.977903" lon="14.260787"><ele>380.2</ele><time>2025-06-14T10:09:30Z</time></trkpt>
      <trkpt lat="49.977871" lon="14.260654"><ele>380.0</ele><time>2025-06-14T10:09:31Z</time></trkpt>
      <trkpt lat="49.977839" lon="14.260521"><ele>379.9</ele><time>2025-06-14T10:09:33Z</time></trkpt>
      <trkpt lat="49.977807" lon="14.260388"><ele>379.8</ele><time>2025-06-14T10:09:34Z</time></trkpt>
      <trkpt lat="49.977775" lon="14.260254"><ele>379.7</ele><time>2025-06-14T10:09:36Z</time></trkpt>
      <trkpt lat="49.977743" lon="14.260121"><ele>379.6</ele><time>2025-06-14T10:09:37Z</time></trkpt>
      <trkpt lat="49.977711" lon="14.259988"><ele>379.4</ele><time>2025-06-14T10:09:39Z</time></trkpt>
      <trkpt lat="49.977679" lon="14.259855"><ele>379.3</ele><time>2025-06-14T10:09:40Z</time></trkpt>
      <trkpt lat="49.977647" lon="14.259722"><ele>379.2</ele><time>2025-06-14T10:09:42Z</time></trkpt>
      <trkpt lat="49.977615" lon="14.259588"><ele>379.1</ele><time>2025-06-14T10:09:43Z</time></trkpt>
      <trkpt lat="49.977583" lon="14.259455"><ele>379.0</ele><time>2025-06-14T10:09:45Z</time></trkpt>
      <trkpt lat="49.977551" lon="14.259322"><ele>378.9</ele><time>2025-06-14T10:09:46Z</time></trkpt>
      <trkpt lat="49.977519" lon="14.259189"><ele>378.8</ele><time>2025-06-14T10:09:48Z</time></trkpt>
      <trkpt lat="49.977491" lon="14.259040"><ele>378.7</ele><time>2025-06-14T10:09:49Z</time></trkpt>
      <trkpt lat="49.977463" lon="14.258891"><ele>378.6</ele><time>2025-06-14T10:09:51Z</time></trkpt>
      <trkpt lat="49.977434" lon="14.258742"><ele>378.5</ele><time>2025-06-14T10:09:53Z</time></trkpt>
      <trkpt lat="49.977406" lon="14.258593"><ele>378.3</ele><time>2025-06-14T10:09:54Z</time></trkpt>
      <trkpt lat="49.977378" lon="14.258444"><ele>378.2</ele><time>2025-06-14T10:09:56Z</time></trkpt>
      <trkpt lat="49.977353" lon="14.258287"><ele>378.1</ele><time>2025-06-14T10:09:58Z</time></trkpt>
      <trkpt lat="49.977329" lon="14.258129"><ele>378.0</ele><time>2025-06-14T10:09:59Z</time></trkpt>
      <trkpt lat="49.977304" lon="14.257972"><ele>377.9</ele><time>2025-06-14T10:10:01Z</time></trkpt>
      <trkpt lat="49.977287" lon="14.257831"><ele>377.8</ele><time>2025-06-14T10:10:02Z</time></trkpt>
      <trkpt lat="49.977269" lon="14.257690"><ele>377.7</ele><time>2025-06-14T10:10:04Z</time></trkpt>
      <trkpt lat="49.977252" lon="14.257549"><ele>377.5</ele><time>2025-06-14T10:10:05Z</time></trkpt>
      <trkpt lat="49.977235" lon="14.257408"><ele>377.4</ele><time>2025-06-14T10:10:07Z</time></trkpt>
      <trkpt lat="49.977217" lon="14.257267"><ele>377.3</ele><time>2025-06-14T10:10:08Z</time></trkpt>
      <trkpt lat="49.977200" lon="14.257126"><ele>377.2</ele><time>2025-06-14T10:10:10Z</time></trkpt>
      <trkpt lat="49.977183" lon="14.256984"><ele>377.1</ele><time>2025-06-14T10:10:11Z</time></trkpt>
      <trkpt lat="49.977166" lon="14.256843"><ele>377.0</ele><time>2025-06-14T10:10:13Z</time></trkpt>
      <trkpt lat="49.977148" lon="14.256702"><ele>376.6</ele><time>2025-06-14T10:10:14Z</time></trkpt>
      <trkpt lat="49.977131" lon="14.256561"><ele>376.1</ele><time>2025-06-14T10:10:15Z</time></trkpt>
      <trkpt lat="49.977114" lon="14.256420"><ele>375.7</ele><time>2025-06-14T10:10:17Z</time></trkpt>
      <trkpt lat="49.977096" lon="14.256279"><ele>375.2</ele><time>2025-06-14T10:10:18Z</time></trkpt>
      <trkpt lat="49.977079" lon="14.256138"><ele>374.8</ele><time>2025-06-14T10:10:19Z</time></trkpt>
      <trkpt lat="49.977068" lon="14.255997"><ele>374.3</ele><time>2025-06-14T10:10:20Z</time></trkpt>
      <trkpt lat="49.977058" lon="14.255856"><ele>373.9</ele><time>2025-06-14T10:10:21Z</time></trkpt>
      <trkpt lat="49.977047" lon="14.255716"><ele>373.4</ele><time>2025-06-14T10:10:23Z</time></trkpt>
      <trkpt lat="49.977036" lon="14.255575"><ele>373.0</ele><time>2025-06-14T10:10:24Z</time></trkpt>
      <trkpt lat="49.977026" lon="14.255434"><ele>372.8</ele><time>2025-06-14T10:10:25Z</time></trkpt>
      <trkpt lat="49.977015" lon="14.255293"><ele>372.6</ele><time>2025-06-14T10:10:27Z</time></trkpt>
      <trkpt lat="49.977004" lon="14.255153"><ele>372.4</ele><time>2025-06-14T10:10:28Z</time></trkpt>
      <trkpt lat="49.976994" lon="14.255012"><ele>372.2</ele><time>2025-06-14T10:10:29Z</time></trkpt>
      <trkpt lat="49.976983" lon="14.254871"><ele>371.9</ele><time>2025-06-14T10:10:31Z</time></trkpt>
      <trkpt lat="49.976963" lon="14.254721"><ele>371.7</ele><time>2025-06-14T10:10:32Z</time></trkpt>
      <trkpt lat="49.976944" lon="14.254572"><ele>371.5</ele><time>2025-06-14T10:10:33Z</time></trkpt>
      <trkpt lat="49.976912" lon="14.254413"><ele>371.2</ele><time>2025-06-14T10:10:35Z</time></trkpt>
      <trkpt lat="49.976880" lon="14.254254"><ele>371.0</ele><time>2025-06-14T10:10:37Z</time></trkpt>
      <trkpt lat="49.976849" lon="14.254096"><ele>370.7</ele><time>2025-06-14T10:10:38Z</time></trkpt>
      <trkpt lat="49.976817" lon="14.253937"><ele>370.4</ele><time>2025-06-14T10:10:40Z</time></trkpt>
      <trkpt lat="49.976785" lon="14.253778"><ele>370.0</ele><time>2025-06-14T10:10:41Z</time></trkpt>
      <trkpt lat="49.976771" lon="14.253567"><ele>369.6</ele><time>2025-06-14T10:10:43Z</time></trkpt>
      <trkpt lat="49.976775" lon="14.253360"><ele>369.2</ele><time>2025-06-14T10:10:45Z</time></trkpt>
      <trkpt lat="49.976783" lon="14.253208"><ele>368.9</ele><time>2025-06-14T10:10:46Z</time></trkpt>
      <trkpt lat="49.976792" lon="14.253056"><ele>368.6</ele><time>2025-06-14T10:10:48Z</time></trkpt>
      <trkpt lat="49.976800" lon="14.252904"><ele>368.3</ele><time>2025-06-14T10:10:49Z</time></trkpt>
      <trkpt lat="49.976818" lon="14.252739"><ele>368.0</ele><time>2025-06-14T10:10:51Z</time></trkpt>
      <trkpt lat="49.976836" lon="14.252574"><ele>367.8</ele><time>2025-06-14T10:10:52Z</time></trkpt>
      <trkpt lat="49.976854" lon="14.252409"><ele>367.6</ele><time>2025-06-14T10:10:54Z</time></trkpt>
      <trkpt lat="49.976837" lon="14.252266"><ele>367.4</ele><time>2025-06-14T10:10:55Z</time></trkpt>
      <trkpt lat="49.976820" lon="14.252122"><ele>367.2</ele><time>2025-06-14T10:10:57Z</time></trkpt>
      <trkpt lat="49.976802" lon="14.251978"><ele>367.0</ele><time>2025-06-14T10:10:58Z</time></trkpt>
      <trkpt lat="49.976785" lon="14.251835"><ele>366.8</ele><time>2025-06-14T10:10:59Z</time></trkpt>
      <trkpt lat="49.976778" lon="14.251645"><ele>366.5</ele><time>2025-06-14T10:11:01Z</time></trkpt>
      <trkpt lat="49.976772" lon="14.251455"><ele>366.3</ele><time>2025-06-14T10:11:03Z</time></trkpt>
      <trkpt lat="49.976774" lon="14.251247"><ele>366.0</ele><time>2025-06-14T10:11:05Z</time></trkpt>
      <trkpt lat="49.976775" lon="14.251038"><ele>365.8</ele><time>2025-06-14T10:11:07Z</time></trkpt>
      <trkpt lat="49.976763" lon="14.250801"><ele>365.5</ele><time>2025-06-14T10:11:09Z</time></trkpt>
      <trkpt lat="49.976725" lon="14.250614"><ele>365.2</ele><time>2025-06-14T10:11:11Z</time></trkpt>
      <trkpt lat="49.976669" lon="14.250487"><ele>365.1</ele><time>2025-06-14T10:11:13Z</time></trkpt>
      <trkpt lat="49.976614" lon="14.250359"><ele>364.9</ele><time>2025-06-14T10:11:14Z</time></trkpt>
      <trkpt lat="49.976487" lon="14.250309"><ele>364.6</ele><time>2025-06-14T10:11:16Z</time></trkpt>
      <trkpt lat="49.976361" lon="14.250259"><ele>364.4</ele><time>2025-06-14T10:11:18Z</time></trkpt>
      <trkpt lat="49.976255" lon="14.250244"><ele>364.2</ele><time>2025-06-14T10:11:19Z</time></trkpt>
      <trkpt lat="49.976148" lon="14.250228"><ele>364.0</ele><time>2025-06-14T10:11:21Z</time></trkpt>
      <trkpt lat="49.976042" lon="14.250213"><ele>363.7</ele><time>2025-06-14T10:11:22Z</time></trkpt>
      <trkpt lat="49.975945" lon="14.250216"><ele>363.4</ele><time>2025-06-14T10:11:24Z</time></trkpt>
      <trkpt lat="49.975849" lon="14.250219"><ele>363.0</ele><time>2025-06-14T10:11:25Z</time></trkpt>
      <trkpt lat="49.975752" lon="14.250222"><ele>362.7</ele><time>2025-06-14T10:11:26Z</time></trkpt>
      <trkpt lat="49.975621" lon="14.250227"><ele>362.3</ele><time>2025-06-14T10:11:28Z</time></trkpt>
      <trkpt lat="49.975489" lon="14.250232"><ele>361.9</ele><time>2025-06-14T10:11:30Z</time></trkpt>
      <trkpt lat="49.975396" lon="14.250219"><ele>361.6</ele><time>2025-06-14T10:11:31Z</time></trkpt>
      <trkpt lat="49.975400" lon="14.250073"><ele>361.3</ele><time>2025-06-14T10:11:32Z</time></trkpt>
      <trkpt lat="49.975403" lon="14.249927"><ele>361.0</ele><time>2025-06-14T10:11:34Z</time></trkpt>
      <trkpt lat="49.975407" lon="14.249781"><ele>361.2</ele><time>2025-06-14T10:11:35Z</time></trkpt>
      <trkpt lat="49.975410" lon="14.249635"><ele>361.4</ele><time>2025-06-14T10:11:37Z</time></trkpt>
      <trkpt lat="49.975414" lon="14.249489"><ele>361.6</ele><time>2025-06-14T10:11:39Z</time></trkpt>
      <trkpt lat="49.975426" lon="14.249326"><ele>361.9</ele><time>2025-06-14T10:11:41Z</time></trkpt>
      <trkpt lat="49.975439" lon="14.249162"><ele>362.1</ele><time>2025-06-14T10:11:43Z</time></trkpt>
      <trkpt lat="49.975452" lon="14.248998"><ele>362.4</ele><time>2025-06-14T10:11:45Z</time></trkpt>
      <trkpt lat="49.975464" lon="14.248835"><ele>362.6</ele><time>2025-06-14T10:11:47Z</time></trkpt>
      <trkpt lat="49.975484" lon="14.248698"><ele>362.8</ele><time>2025-06-14T10:11:48Z</time></trkpt>
      <trkpt lat="49.975503" lon="14.248561"><ele>363.0</ele><time>2025-06-14T10:11:50Z</time></trkpt>
      <trkpt lat="49.975549" lon="14.248429"><ele>363.0</ele><time>2025-06-14T10:11:52Z</time></trkpt>
      <trkpt lat="49.975594" lon="14.248297"><ele>363.0</ele><time>2025-06-14T10:11:53Z</time></trkpt>
      <trkpt lat="49.975714" lon="14.248130"><ele>363.0</ele><time>2025-06-14T10:11:56Z</time></trkpt>
      <trkpt lat="49.975785" lon="14.248064"><ele>363.0</ele><time>2025-06-14T10:11:57Z</time></trkpt>
      <trkpt lat="49.975905" lon="14.247870"><ele>363.0</ele><time>2025-06-14T10:12:00Z</time></trkpt>
      <trkpt lat="49.975967" lon="14.247649"><ele>363.0</ele><time>2025-06-14T10:12:02Z</time></trkpt>
      <trkpt lat="49.975990" lon="14.247454"><ele>363.0</ele><time>2025-06-14T10:12:04Z</time></trkpt>
      <trkpt lat="49.975998" lon="14.247306"><ele>363.0</ele><time>2025-06-14T10:12:06Z</time></trkpt>
      <trkpt lat="49.976007" lon="14.247158"><ele>363.0</ele><time>2025-06-14T10:12:07Z</time></trkpt>
      <trkpt lat="49.976015" lon="14.247011"><ele>362.9</ele><time>2025-06-14T10:12:09Z</time></trkpt>
      <trkpt lat="49.976024" lon="14.246863"><ele>362.8</ele><time>2025-06-14T10:12:10Z</time></trkpt>
      <trkpt lat="49.976032" lon="14.246715"><ele>362.7</ele><time>2025-06-14T10:12:12Z</time></trkpt>
      <trkpt lat="49.976031" lon="14.246572"><ele>362.6</ele><time>2025-06-14T10:12:13Z</time></trkpt>
      <trkpt lat="49.976031" lon="14.246429"><ele>362.5</ele><time>2025-06-14T10:12:14Z</time></trkpt>
      <trkpt lat="49.976014" lon="14.246263"><ele>362.4</ele><time>2025-06-14T10:12:16Z</time></trkpt>
      <trkpt lat="49.975997" lon="14.246097"><ele>362.3</ele><time>2025-06-14T10:12:18Z</time></trkpt>
      <trkpt lat="49.975969" lon="14.245915"><ele>362.1</ele><time>2025-06-14T10:12:19Z</time></trkpt>
      <trkpt lat="49.976000" lon="14.245750"><ele>362.0</ele><time>2025-06-14T10:12:21Z</time></trkpt>
      <trkpt lat="49.976030" lon="14.245585"><ele>362.0</ele><time>2025-06-14T10:12:23Z</time></trkpt>
      <trkpt lat="49.976030" lon="14.245439"><ele>362.0</ele><time>2025-06-14T10:12:24Z</time></trkpt>
      <trkpt lat="49.976030" lon="14.245293"><ele>362.0</ele><time>2025-06-14T10:12:26Z</time></trkpt>
      <trkpt lat="49.976031" lon="14.245148"><ele>362.0</ele><time>2025-06-14T10:12:27Z</time></trkpt>
      <trkpt lat="49.976031" lon="14.245002"><ele>362.0</ele><time>2025-06-14T10:12:29Z</time></trkpt>
      <trkpt lat="49.976031" lon="14.244856"><ele>362.0</ele><time>2025-06-14T10:12:30Z</time></trkpt>
      <trkpt lat="49.976013" lon="14.244685"><ele>362.0</ele><time>2025-06-14T10:12:32Z</time></trkpt>
      <trkpt lat="49.975995" lon="14.244513"><ele>362.0</ele><time>2025-06-14T10:12:34Z</time></trkpt>
      <trkpt lat="49.975977" lon="14.244342"><ele>362.0</ele><time>2025-06-14T10:12:35Z</time></trkpt>
      <trkpt lat="49.975958" lon="14.244193"><ele>362.2</ele><time>2025-06-14T10:12:37Z</time></trkpt>
      <trkpt lat="49.975940" lon="14.244044"><ele>362.5</ele><time>2025-06-14T10:12:39Z</time></trkpt>
      <trkpt lat="49.975921" lon="14.243894"><ele>362.7</ele><time>2025-06-14T10:12:41Z</time></trkpt>
      <trkpt lat="49.975903" lon="14.243745"><ele>362.9</ele><time>2025-06-14T10:12:42Z</time></trkpt>
      <trkpt lat="49.975884" lon="14.243596"><ele>363.1</ele><time>2025-06-14T10:12:44Z</time></trkpt>
      <trkpt lat="49.975857" lon="14.243459"><ele>363.4</ele><time>2025-06-14T10:12:46Z</time></trkpt>
      <trkpt lat="49.975831" lon="14.243321"><ele>363.6</ele><time>2025-06-14T10:12:48Z</time></trkpt>
      <trkpt lat="49.975804" lon="14.243184"><ele>363.8</ele><time>2025-06-14T10:12:49Z</time></trkpt>
      <trkpt lat="49.975777" lon="14.243047"><ele>364.0</ele><time>2025-06-14T10:12:51Z</time></trkpt>
      <trkpt lat="49.975751" lon="14.242909"><ele>364.2</ele><time>2025-06-14T10:12:53Z</time></trkpt>
      <trkpt lat="49.975724" lon="14.242772"><ele>364.4</ele><time>2025-06-14T10:12:54Z</time></trkpt>
      <trkpt lat="49.975703" lon="14.242629"><ele>364.7</ele><time>2025-06-14T10:12:56Z</time></trkpt>
      <trkpt lat="49.975683" lon="14.242486"><ele>364.9</ele><time>2025-06-14T10:12:58Z</time></trkpt>
      <trkpt lat="49.975662" lon="14.242343"><ele>365.1</ele><time>2025-06-14T10:12:59Z</time></trkpt>
      <trkpt lat="49.975642" lon="14.242201"><ele>365.3</ele><time>2025-06-14T10:13:01Z</time></trkpt>
      <trkpt lat="49.975621" lon="14.242058"><ele>365.6</ele><time>2025-06-14T10:13:03Z</time></trkpt>
      <trkpt lat="49.975601" lon="14.241915"><ele>365.8</ele><time>2025-06-14T10:13:05Z</time></trkpt>
      <trkpt lat="49.975580" lon="14.241772"><ele>366.0</ele><time>2025-06-14T10:13:06Z</time></trkpt>
      <trkpt lat="49.975553" lon="14.241629"><ele>366.3</ele><time>2025-06-14T10:13:08Z</time></trkpt>
      <trkpt lat="49.975527" lon="14.241487"><ele>366.7</ele><time>2025-06-14T10:13:10Z</time></trkpt>
      <trkpt lat="49.975500" lon="14.241344"><ele>367.0</ele><time>2025-06-14T10:13:12Z</time></trkpt>
      <trkpt lat="49.975474" lon="14.241202"><ele>367.3</ele><time>2025-06-14T10:13:14Z</time></trkpt>
      <trkpt lat="49.975447" lon="14.241059"><ele>367.7</ele><time>2025-06-14T10:13:16Z</time></trkpt>
      <trkpt lat="49.975421" lon="14.240917"><ele>368.0</ele><time>2025-06-14T10:13:18Z</time></trkpt>
      <trkpt lat="49.975394" lon="14.240774"><ele>368.3</ele><time>2025-06-14T10:13:20Z</time></trkpt>
      <trkpt lat="49.975367" lon="14.240631"><ele>368.7</ele><time>2025-06-14T10:13:22Z</time></trkpt>
      <trkpt lat="49.975341" lon="14.240489"><ele>369.0</ele><time>2025-06-14T10:13:24Z</time></trkpt>
      <trkpt lat="49.975314" lon="14.240346"><ele>369.3</ele><time>2025-06-14T10:13:25Z</time></trkpt>
      <trkpt lat="49.975288" lon="14.240204"><ele>369.7</ele><time>2025-06-14T10:13:27Z</time></trkpt>
      <trkpt lat="49.975261" lon="14.240061"><ele>370.0</ele><time>2025-06-14T10:13:29Z</time></trkpt>
      <trkpt lat="49.975235" lon="14.239919"><ele>370.4</ele><time>2025-06-14T10:13:31Z</time></trkpt>
      <trkpt lat="49.975208" lon="14.239776"><ele>370.7</ele><time>2025-06-14T10:13:33Z</time></trkpt>
      <trkpt lat="49.975185" lon="14.239640"><ele>371.0</ele><time>2025-06-14T10:13:35Z</time></trkpt>
      <trkpt lat="49.975162" lon="14.239505"><ele>371.4</ele><time>2025-06-14T10:13:37Z</time></trkpt>
      <trkpt lat="49.975140" lon="14.239369"><ele>371.7</ele><time>2025-06-14T10:13:39Z</time></trkpt>
      <trkpt lat="49.975117" lon="14.239233"><ele>372.0</ele><time>2025-06-14T10:13:41Z</time></trkpt>
      <trkpt lat="49.975094" lon="14.239097"><ele>372.8</ele><time>2025-06-14T10:13:44Z</time></trkpt>
      <trkpt lat="49.975071" lon="14.238962"><ele>373.6</ele><time>2025-06-14T10:13:47Z</time></trkpt>
      <trkpt lat="49.975048" lon="14.238826"><ele>374.3</ele><time>2025-06-14T10:13:50Z</time></trkpt>
      <trkpt lat="49.975025" lon="14.238690"><ele>375.1</ele><time>2025-06-14T10:13:53Z</time></trkpt>
      <trkpt lat="49.975003" lon="14.238554"><ele>375.9</ele><time>2025-06-14T10:13:56Z</time></trkpt>
      <trkpt lat="49.974980" lon="14.238419"><ele>376.7</ele><time>2025-06-14T10:13:59Z</time></trkpt>
      <trkpt lat="49.974957" lon="14.238283"><ele>377.4</ele><time>2025-06-14T10:14:02Z</time></trkpt>
      <trkpt lat="49.974934" lon="14.238147"><ele>378.2</ele><time>2025-06-14T10:14:05Z</time></trkpt>
      <trkpt lat="49.974911" lon="14.238012"><ele>379.0</ele><time>2025-06-14T10:14:08Z</time></trkpt>
      <trkpt lat="49.974888" lon="14.237876"><ele>379.2</ele><time>2025-06-14T10:14:10Z</time></trkpt>
      <trkpt lat="49.974865" lon="14.237740"><ele>379.4</ele><time>2025-06-14T10:14:11Z</time></trkpt>
      <trkpt lat="49.974843" lon="14.237604"><ele>379.7</ele><time>2025-06-14T10:14:13Z</time></trkpt>
      <trkpt lat="49.974820" lon="14.237469"><ele>379.9</ele><time>2025-06-14T10:14:15Z</time></trkpt>
      <trkpt lat="49.974797" lon="14.237333"><ele>380.1</ele><time>2025-06-14T10:14:17Z</time></trkpt>
      <trkpt lat="49.974771" lon="14.237196"><ele>380.3</ele><time>2025-06-14T10:14:18Z</time></trkpt>
      <trkpt lat="49.974745" lon="14.237058"><ele>380.6</ele><time>2025-06-14T10:14:20Z</time></trkpt>
      <trkpt lat="49.974719" lon="14.236921"><ele>380.8</ele><time>2025-06-14T10:14:22Z</time></trkpt>
      <trkpt lat="49.974693" lon="14.236783"><ele>381.0</ele><time>2025-06-14T10:14:24Z</time></trkpt>
      <trkpt lat="49.974667" lon="14.236646"><ele>381.6</ele><time>2025-06-14T10:14:26Z</time></trkpt>
      <trkpt lat="49.974641" lon="14.236508"><ele>382.1</ele><time>2025-06-14T10:14:29Z</time></trkpt>
      <trkpt lat="49.974615" lon="14.236371"><ele>382.7</ele><time>2025-06-14T10:14:31Z</time></trkpt>
      <trkpt lat="49.974589" lon="14.236234"><ele>383.2</ele><time>2025-06-14T10:14:33Z</time></trkpt>
      <trkpt lat="49.974563" lon="14.236096"><ele>383.8</ele><time>2025-06-14T10:14:36Z</time></trkpt>
      <trkpt lat="49.974538" lon="14.235959"><ele>384.3</ele><time>2025-06-14T10:14:38Z</time></trkpt>
      <trkpt lat="49.974512" lon="14.235821"><ele>384.9</ele><time>2025-06-14T10:14:41Z</time></trkpt>
      <trkpt lat="49.974486" lon="14.235684"><ele>385.4</ele><time>2025-06-14T10:14:43Z</time></trkpt>
      <trkpt lat="49.974460" lon="14.235547"><ele>386.0</ele><time>2025-06-14T10:14:46Z</time></trkpt>
      <trkpt lat="49.974434" lon="14.235409"><ele>386.2</ele><time>2025-06-14T10:14:47Z</time></trkpt>
      <trkpt lat="49.974408" lon="14.235272"><ele>386.4</ele><time>2025-06-14T10:14:49Z</time></trkpt>
      <trkpt lat="49.974382" lon="14.235134"><ele>386.7</ele><time>2025-06-14T10:14:51Z</time></trkpt>
      <trkpt lat="49.974356" lon="14.234997"><ele>386.9</ele><time>2025-06-14T10:14:53Z</time></trkpt>
      <trkpt lat="49.974330" lon="14.234859"><ele>387.1</ele><time>2025-06-14T10:14:55Z</time></trkpt>
      <trkpt lat="49.974304" lon="14.234722"><ele>387.3</ele><time>2025-06-14T10:14:57Z</time></trkpt>
      <trkpt lat="49.974270" lon="14.234587"><ele>387.6</ele><time>2025-06-14T10:14:58Z</time></trkpt>
      <trkpt lat="49.974236" lon="14.234452"><ele>387.8</ele><time>2025-06-14T10:15:00Z</time></trkpt>
      <trkpt lat="49.974201" lon="14.234317"><ele>388.0</ele><time>2025-06-14T10:15:02Z</time></trkpt>
      <trkpt lat="49.974167" lon="14.234182"><ele>388.0</ele><time>2025-06-14T10:15:04Z</time></trkpt>
      <trkpt lat="49.974133" lon="14.234047"><ele>388.0</ele><time>2025-06-14T10:15:05Z</time></trkpt>
      <trkpt lat="49.974099" lon="14.233912"><ele>388.0</ele><time>2025-06-14T10:15:07Z</time></trkpt>
      <trkpt lat="49.974065" lon="14.233777"><ele>388.0</ele><time>2025-06-14T10:15:08Z</time></trkpt>
      <trkpt lat="49.974031" lon="14.233642"><ele>388.0</ele><time>2025-06-14T10:15:10Z</time></trkpt>
      <trkpt lat="49.973996" lon="14.233507"><ele>388.0</ele><time>2025-06-14T10:15:12Z</time></trkpt>
      <trkpt lat="49.973962" lon="14.233372"><ele>388.0</ele><time>2025-06-14T10:15:13Z</time></trkpt>
      <trkpt lat="49.973928" lon="14.233237"><ele>388.0</ele><time>2025-06-14T10:15:15Z</time></trkpt>
      <trkpt lat="49.973886" lon="14.233102"><ele>388.0</ele><time>2025-06-14T10:15:16Z</time></trkpt>
      <trkpt lat="49.973843" lon="14.232966"><ele>388.1</ele><time>2025-06-14T10:15:18Z</time></trkpt>
      <trkpt lat="49.973801" lon="14.232831"><ele>388.2</ele><time>2025-06-14T10:15:20Z</time></trkpt>
      <trkpt lat="49.973759" lon="14.232695"><ele>388.3</ele><time>2025-06-14T10:15:22Z</time></trkpt>
      <trkpt lat="49.973717" lon="14.232560"><ele>388.4</ele><time>2025-06-14T10:15:24Z</time></trkpt>
      <trkpt lat="49.973674" lon="14.232425"><ele>388.6</ele><time>2025-06-14T10:15:25Z</time></trkpt>
      <trkpt lat="49.973632" lon="14.232289"><ele>388.7</ele><time>2025-06-14T10:15:27Z</time></trkpt>
      <trkpt lat="49.973590" lon="14.232154"><ele>388.8</ele><time>2025-06-14T10:15:29Z</time></trkpt>
      <trkpt lat="49.973547" lon="14.232018"><ele>388.9</ele><time>2025-06-14T10:15:31Z</time></trkpt>
      <trkpt lat="49.973505" lon="14.231883"><ele>389.0</ele><time>2025-06-14T10:15:33Z</time></trkpt>
      <trkpt lat="49.973512" lon="14.231729"><ele>389.2</ele><time>2025-06-14T10:15:35Z</time></trkpt>
      <trkpt lat="49.973518" lon="14.231576"><ele>389.4</ele><time>2025-06-14T10:15:37Z</time></trkpt>
      <trkpt lat="49.973525" lon="14.231422"><ele>389.7</ele><time>2025-06-14T10:15:39Z</time></trkpt>
      <trkpt lat="49.973518" lon="14.231268"><ele>389.9</ele><time>2025-06-14T10:15:41Z</time></trkpt>
      <trkpt lat="49.973512" lon="14.231114"><ele>390.1</ele><time>2025-06-14T10:15:43Z</time></trkpt>
      <trkpt lat="49.973505" lon="14.230960"><ele>390.3</ele><time>2025-06-14T10:15:45Z</time></trkpt>
      <trkpt lat="49.973493" lon="14.230796"><ele>390.5</ele><time>2025-06-14T10:15:47Z</time></trkpt>
      <trkpt lat="49.973481" lon="14.230633"><ele>390.8</ele><time>2025-06-14T10:15:49Z</time></trkpt>
      <trkpt lat="49.973469" lon="14.230469"><ele>391.0</ele><time>2025-06-14T10:15:51Z</time></trkpt>
      <trkpt lat="49.973457" lon="14.230306"><ele>390.8</ele><time>2025-06-14T10:15:53Z</time></trkpt>
      <trkpt lat="49.973445" lon="14.230142"><ele>390.5</ele><time>2025-06-14T10:15:54Z</time></trkpt>
      <trkpt lat="49.973429" lon="14.229997"><ele>390.3</ele><time>2025-06-14T10:15:56Z</time></trkpt>
      <trkpt lat="49.973414" lon="14.229851"><ele>390.1</ele><time>2025-06-14T10:15:57Z</time></trkpt>
      <trkpt lat="49.973398" lon="14.229706"><ele>389.9</ele><time>2025-06-14T10:15:59Z</time></trkpt>
      <trkpt lat="49.973383" lon="14.229560"><ele>389.7</ele><time>2025-06-14T10:16:00Z</time></trkpt>
      <trkpt lat="49.973367" lon="14.229415"><ele>389.5</ele><time>2025-06-14T10:16:02Z</time></trkpt>
      <trkpt lat="49.973262" lon="14.229402"><ele>389.2</ele><time>2025-06-14T10:16:03Z</time></trkpt>
      <trkpt lat="49.973156" lon="14.229389"><ele>389.0</ele><time>2025-06-14T10:16:05Z</time></trkpt>
      <trkpt lat="49.973050" lon="14.229377"><ele>388.5</ele><time>2025-06-14T10:16:06Z</time></trkpt>
      <trkpt lat="49.972945" lon="14.229364"><ele>388.0</ele><time>2025-06-14T10:16:08Z</time></trkpt>
      <trkpt lat="49.972848" lon="14.229359"><ele>387.6</ele><time>2025-06-14T10:16:09Z</time></trkpt>
      <trkpt lat="49.972751" lon="14.229355"><ele>387.2</ele><time>2025-06-14T10:16:10Z</time></trkpt>
      <trkpt lat="49.972655" lon="14.229350"><ele>386.7</ele><time>2025-06-14T10:16:12Z</time></trkpt>
      <trkpt lat="49.972558" lon="14.229345"><ele>386.3</ele><time>2025-06-14T10:16:13Z</time></trkpt>
      <trkpt lat="49.972461" lon="14.229341"><ele>385.9</ele><time>2025-06-14T10:16:14Z</time></trkpt>
      <trkpt lat="49.972364" lon="14.229336"><ele>385.4</ele><time>2025-06-14T10:16:16Z</time></trkpt>
      <trkpt lat="49.972268" lon="14.229331"><ele>385.0</ele><time>2025-06-14T10:16:17Z</time></trkpt>
      <trkpt lat="49.972171" lon="14.229327"><ele>384.8</ele><time>2025-06-14T10:16:19Z</time></trkpt>
      <trkpt lat="49.972074" lon="14.229322"><ele>384.6</ele><time>2025-06-14T10:16:20Z</time></trkpt>
      <trkpt lat="49.971922" lon="14.229295"><ele>384.3</ele><time>2025-06-14T10:16:22Z</time></trkpt>
      <trkpt lat="49.971818" lon="14.229236"><ele>384.1</ele><time>2025-06-14T10:16:24Z</time></trkpt>
      <trkpt lat="49.971713" lon="14.229177"><ele>383.9</ele><time>2025-06-14T10:16:26Z</time></trkpt>
      <trkpt lat="49.971625" lon="14.229081"><ele>383.7</ele><time>2025-06-14T10:16:28Z</time></trkpt>
      <trkpt lat="49.971503" lon="14.228877"><ele>383.4</ele><time>2025-06-14T10:16:30Z</time></trkpt>
      <trkpt lat="49.971458" lon="14.228753"><ele>383.2</ele><time>2025-06-14T10:16:32Z</time></trkpt>
      <trkpt lat="49.971413" lon="14.228630"><ele>383.0</ele><time>2025-06-14T10:16:33Z</time></trkpt>
      <trkpt lat="49.971368" lon="14.228506"><ele>382.8</ele><time>2025-06-14T10:16:35Z</time></trkpt>
      <trkpt lat="49.971323" lon="14.228382"><ele>382.6</ele><time>2025-06-14T10:16:36Z</time></trkpt>
      <trkpt lat="49.971278" lon="14.228258"><ele>382.3</ele><time>2025-06-14T10:16:38Z</time></trkpt>
      <trkpt lat="49.971233" lon="14.228135"><ele>382.1</ele><time>2025-06-14T10:16:39Z</time></trkpt>
      <trkpt lat="49.971188" lon="14.228011"><ele>381.9</ele><time>2025-06-14T10:16:40Z</time></trkpt>
      <trkpt lat="49.971143" lon="14.227887"><ele>381.7</ele><time>2025-06-14T10:16:42Z</time></trkpt>
      <trkpt lat="49.971098" lon="14.227763"><ele>381.4</ele><time>2025-06-14T10:16:43Z</time></trkpt>
      <trkpt lat="49.971053" lon="14.227640"><ele>381.2</ele><time>2025-06-14T10:16:45Z</time></trkpt>
      <trkpt lat="49.971008" lon="14.227516"><ele>381.0</ele><time>2025-06-14T10:16:46Z</time></trkpt>
      <trkpt lat="49.970905" lon="14.227323"><ele>380.2</ele><time>2025-06-14T10:16:48Z</time></trkpt>
      <trkpt lat="49.970833" lon="14.227218"><ele>379.7</ele><time>2025-06-14T10:16:49Z</time></trkpt>
      <trkpt lat="49.970761" lon="14.227113"><ele>379.1</ele><time>2025-06-14T10:16:51Z</time></trkpt>
      <trkpt lat="49.970676" lon="14.227022"><ele>378.6</ele><time>2025-06-14T10:16:52Z</time></trkpt>
      <trkpt lat="49.970591" lon="14.226930"><ele>378.1</ele><time>2025-06-14T10:16:53Z</time></trkpt>
      <trkpt lat="49.970506" lon="14.226839"><ele>377.5</ele><time>2025-06-14T10:16:55Z</time></trkpt>
      <trkpt lat="49.970421" lon="14.226748"><ele>377.0</ele><time>2025-06-14T10:16:56Z</time></trkpt>
      <trkpt lat="49.970335" lon="14.226680"><ele>376.5</ele><time>2025-06-14T10:16:57Z</time></trkpt>
      <trkpt lat="49.970249" lon="14.226612"><ele>376.0</ele><time>2025-06-14T10:16:59Z</time></trkpt>
      <trkpt lat="49.970163" lon="14.226544"><ele>375.7</ele><time>2025-06-14T10:17:00Z</time></trkpt>
      <trkpt lat="49.970077" lon="14.226476"><ele>375.4</ele><time>2025-06-14T10:17:01Z</time></trkpt>
      <trkpt lat="49.969977" lon="14.226433"><ele>375.0</ele><time>2025-06-14T10:17:03Z</time></trkpt>
      <trkpt lat="49.969878" lon="14.226390"><ele>374.7</ele><time>2025-06-14T10:17:04Z</time></trkpt>
      <trkpt lat="49.969779" lon="14.226347"><ele>374.3</ele><time>2025-06-14T10:17:06Z</time></trkpt>
      <trkpt lat="49.969679" lon="14.226304"><ele>374.0</ele><time>2025-06-14T10:17:07Z</time></trkpt>
      <trkpt lat="49.969581" lon="14.226272"><ele>373.7</ele><time>2025-06-14T10:17:09Z</time></trkpt>
      <trkpt lat="49.969484" lon="14.226239"><ele>373.3</ele><time>2025-06-14T10:17:10Z</time></trkpt>
      <trkpt lat="49.969386" lon="14.226207"><ele>373.0</ele><time>2025-06-14T10:17:12Z</time></trkpt>
      <trkpt lat="49.969288" lon="14.226174"><ele>373.8</ele><time>2025-06-14T10:17:15Z</time></trkpt>
      <trkpt lat="49.969190" lon="14.226142"><ele>374.6</ele><time>2025-06-14T10:17:19Z</time></trkpt>
      <trkpt lat="49.969093" lon="14.226109"><ele>375.4</ele><time>2025-06-14T10:17:23Z</time></trkpt>
      <trkpt lat="49.968995" lon="14.226077"><ele>376.2</ele><time>2025-06-14T10:17:27Z</time></trkpt>
      <trkpt lat="49.968856" lon="14.225979"><ele>377.5</ele><time>2025-06-14T10:17:32Z</time></trkpt>
      <trkpt lat="49.968766" lon="14.225887"><ele>378.3</ele><time>2025-06-14T10:17:36Z</time></trkpt>
      <trkpt lat="49.968666" lon="14.225727"><ele>379.5</ele><time>2025-06-14T10:17:42Z</time></trkpt>
      <trkpt lat="49.968612" lon="14.225607"><ele>380.2</ele><time>2025-06-14T10:17:45Z</time></trkpt>
      <trkpt lat="49.968558" lon="14.225487"><ele>381.0</ele><time>2025-06-14T10:17:49Z</time></trkpt>
      <trkpt lat="49.968504" lon="14.225366"><ele>379.5</ele><time>2025-06-14T10:17:50Z</time></trkpt>
      <trkpt lat="49.968450" lon="14.225246"><ele>378.1</ele><time>2025-06-14T10:17:50Z</time></trkpt>
      <trkpt lat="49.968396" lon="14.225126"><ele>376.6</ele><time>2025-06-14T10:17:51Z</time></trkpt>
      <trkpt lat="49.968342" lon="14.225006"><ele>375.2</ele><time>2025-06-14T10:17:52Z</time></trkpt>
      <trkpt lat="49.968274" lon="14.224880"><ele>373.5</ele><time>2025-06-14T10:17:53Z</time></trkpt>
      <trkpt lat="49.968205" lon="14.224754"><ele>371.9</ele><time>2025-06-14T10:17:54Z</time></trkpt>
      <trkpt lat="49.968137" lon="14.224629"><ele>370.3</ele><time>2025-06-14T10:17:55Z</time></trkpt>
      <trkpt lat="49.968068" lon="14.224503"><ele>368.6</ele><time>2025-06-14T10:17:56Z</time></trkpt>
      <trkpt lat="49.968000" lon="14.224377"><ele>367.0</ele><time>2025-06-14T10:17:57Z</time></trkpt>
      <trkpt lat="49.967933" lon="14.224280"><ele>365.8</ele><time>2025-06-14T10:17:58Z</time></trkpt>
      <trkpt lat="49.967866" lon="14.224184"><ele>364.6</ele><time>2025-06-14T10:17:59Z</time></trkpt>
      <trkpt lat="49.967799" lon="14.224087"><ele>363.3</ele><time>2025-06-14T10:17:59Z</time></trkpt>
      <trkpt lat="49.967732" lon="14.223991"><ele>362.1</ele><time>2025-06-14T10:18:00Z</time></trkpt>
      <trkpt lat="49.967665" lon="14.223894"><ele>360.9</ele><time>2025-06-14T10:18:01Z</time></trkpt>
      <trkpt lat="49.967598" lon="14.223797"><ele>359.7</ele><time>2025-06-14T10:18:02Z</time></trkpt>
      <trkpt lat="49.967531" lon="14.223701"><ele>358.4</ele><time>2025-06-14T10:18:03Z</time></trkpt>
      <trkpt lat="49.967464" lon="14.223604"><ele>357.2</ele><time>2025-06-14T10:18:04Z</time></trkpt>
      <trkpt lat="49.967397" lon="14.223508"><ele>356.0</ele><time>2025-06-14T10:18:04Z</time></trkpt>
      <trkpt lat="49.967330" lon="14.223411"><ele>356.3</ele><time>2025-06-14T10:18:06Z</time></trkpt>
      <trkpt lat="49.967263" lon="14.223315"><ele>356.7</ele><time>2025-06-14T10:18:08Z</time></trkpt>
      <trkpt lat="49.967196" lon="14.223218"><ele>357.0</ele><time>2025-06-14T10:18:10Z</time></trkpt>
      <trkpt lat="49.967150" lon="14.223152"><ele>357.2</ele><time>2025-06-14T10:18:12Z</time></trkpt>
      <trkpt lat="49.967084" lon="14.223051"><ele>357.6</ele><time>2025-06-14T10:18:14Z</time></trkpt>
      <trkpt lat="49.967017" lon="14.222950"><ele>357.9</ele><time>2025-06-14T10:18:16Z</time></trkpt>
      <trkpt lat="49.966951" lon="14.222849"><ele>358.3</ele><time>2025-06-14T10:18:18Z</time></trkpt>
      <trkpt lat="49.966880" lon="14.222737"><ele>358.6</ele><time>2025-06-14T10:18:20Z</time></trkpt>
      <trkpt lat="49.966810" lon="14.222625"><ele>359.0</ele><time>2025-06-14T10:18:22Z</time></trkpt>
      <trkpt lat="49.966739" lon="14.222512"><ele>357.5</ele><time>2025-06-14T10:18:23Z</time></trkpt>
      <trkpt lat="49.966668" lon="14.222400"><ele>356.0</ele><time>2025-06-14T10:18:24Z</time></trkpt>
      <trkpt lat="49.966597" lon="14.222288"><ele>354.5</ele><time>2025-06-14T10:18:25Z</time></trkpt>
      <trkpt lat="49.966527" lon="14.222176"><ele>353.0</ele><time>2025-06-14T10:18:26Z</time></trkpt>
      <trkpt lat="49.966456" lon="14.222063"><ele>351.5</ele><time>2025-06-14T10:18:27Z</time></trkpt>
      <trkpt lat="49.966385" lon="14.221951"><ele>349.9</ele><time>2025-06-14T10:18:28Z</time></trkpt>
      <trkpt lat="49.966272" lon="14.221813"><ele>347.8</ele><time>2025-06-14T10:18:29Z</time></trkpt>
      <trkpt lat="49.966190" lon="14.221742"><ele>346.4</ele><time>2025-06-14T10:18:30Z</time></trkpt>
      <trkpt lat="49.966108" lon="14.221672"><ele>345.0</ele><time>2025-06-14T10:18:31Z</time></trkpt>
      <trkpt lat="49.966001" lon="14.221628"><ele>344.8</ele><time>2025-06-14T10:18:32Z</time></trkpt>
      <trkpt lat="49.965895" lon="14.221585"><ele>344.6</ele><time>2025-06-14T10:18:34Z</time></trkpt>
      <trkpt lat="49.965789" lon="14.221542"><ele>344.3</ele><time>2025-06-14T10:18:36Z</time></trkpt>
      <trkpt lat="49.965682" lon="14.221498"><ele>344.1</ele><time>2025-06-14T10:18:37Z</time></trkpt>
      <trkpt lat="49.965568" lon="14.221556"><ele>343.9</ele><time>2025-06-14T10:18:39Z</time></trkpt>
      <trkpt lat="49.965455" lon="14.221613"><ele>343.6</ele><time>2025-06-14T10:18:41Z</time></trkpt>
      <trkpt lat="49.965341" lon="14.221671"><ele>343.4</ele><time>2025-06-14T10:18:42Z</time></trkpt>
      <trkpt lat="49.965250" lon="14.221702"><ele>343.2</ele><time>2025-06-14T10:18:44Z</time></trkpt>
      <trkpt lat="49.965158" lon="14.221733"><ele>343.0</ele><time>2025-06-14T10:18:45Z</time></trkpt>
      <trkpt lat="49.965067" lon="14.221763"><ele>342.5</ele><time>2025-06-14T10:18:46Z</time></trkpt>
      <trkpt lat="49.964975" lon="14.221794"><ele>342.0</ele><time>2025-06-14T10:18:47Z</time></trkpt>
      <trkpt lat="49.964884" lon="14.221825"><ele>341.5</ele><time>2025-06-14T10:18:48Z</time></trkpt>
      <trkpt lat="49.964780" lon="14.221841"><ele>340.9</ele><time>2025-06-14T10:18:50Z</time></trkpt>
      <trkpt lat="49.964676" lon="14.221857"><ele>340.3</ele><time>2025-06-14T10:18:51Z</time></trkpt>
      <trkpt lat="49.964571" lon="14.221874"><ele>339.7</ele><time>2025-06-14T10:18:52Z</time></trkpt>
      <trkpt lat="49.964467" lon="14.221890"><ele>339.2</ele><time>2025-06-14T10:18:54Z</time></trkpt>
      <trkpt lat="49.964363" lon="14.221906"><ele>338.6</ele><time>2025-06-14T10:18:55Z</time></trkpt>
      <trkpt lat="49.964259" lon="14.221922"><ele>338.0</ele><time>2025-06-14T10:18:56Z</time></trkpt>
      <trkpt lat="49.964168" lon="14.221925"><ele>337.9</ele><time>2025-06-14T10:18:57Z</time></trkpt>
      <trkpt lat="49.964078" lon="14.221928"><ele>337.8</ele><time>2025-06-14T10:18:59Z</time></trkpt>
      <trkpt lat="49.963977" lon="14.221931"><ele>337.7</ele><time>2025-06-14T10:19:00Z</time></trkpt>
      <trkpt lat="49.963876" lon="14.221934"><ele>337.6</ele><time>2025-06-14T10:19:02Z</time></trkpt>
      <trkpt lat="49.963775" lon="14.221937"><ele>337.4</ele><time>2025-06-14T10:19:03Z</time></trkpt>
      <trkpt lat="49.963681" lon="14.221967"><ele>337.3</ele><time>2025-06-14T10:19:05Z</time></trkpt>
      <trkpt lat="49.963588" lon="14.221996"><ele>337.2</ele><time>2025-06-14T10:19:06Z</time></trkpt>
      <trkpt lat="49.963494" lon="14.222026"><ele>337.1</ele><time>2025-06-14T10:19:08Z</time></trkpt>
      <trkpt lat="49.963406" lon="14.222065"><ele>337.0</ele><time>2025-06-14T10:19:09Z</time></trkpt>
      <trkpt lat="49.963318" lon="14.222104"><ele>338.1</ele><time>2025-06-14T10:19:13Z</time></trkpt>
      <trkpt lat="49.963229" lon="14.222143"><ele>339.3</ele><time>2025-06-14T10:19:17Z</time></trkpt>
      <trkpt lat="49.963141" lon="14.222182"><ele>340.4</ele><time>2025-06-14T10:19:21Z</time></trkpt>
      <trkpt lat="49.963053" lon="14.222221"><ele>341.5</ele><time>2025-06-14T10:19:25Z</time></trkpt>
      <trkpt lat="49.962884" lon="14.222245"><ele>343.6</ele><time>2025-06-14T10:19:33Z</time></trkpt>
      <trkpt lat="49.962750" lon="14.222226"><ele>345.3</ele><time>2025-06-14T10:19:39Z</time></trkpt>
      <trkpt lat="49.962653" lon="14.222181"><ele>346.5</ele><time>2025-06-14T10:19:43Z</time></trkpt>
      <trkpt lat="49.962556" lon="14.222136"><ele>347.8</ele><time>2025-06-14T10:19:48Z</time></trkpt>
      <trkpt lat="49.962459" lon="14.222091"><ele>349.0</ele><time>2025-06-14T10:19:52Z</time></trkpt>
      <trkpt lat="49.962362" lon="14.222047"><ele>350.3</ele><time>2025-06-14T10:19:57Z</time></trkpt>
      <trkpt lat="49.962265" lon="14.222002"><ele>351.6</ele><time>2025-06-14T10:20:01Z</time></trkpt>
      <trkpt lat="49.962168" lon="14.221957"><ele>352.8</ele><time>2025-06-14T10:20:06Z</time></trkpt>
      <trkpt lat="49.962071" lon="14.221912"><ele>354.1</ele><time>2025-06-14T10:20:10Z</time></trkpt>
      <trkpt lat="49.961983" lon="14.221860"><ele>355.3</ele><time>2025-06-14T10:20:15Z</time></trkpt>
      <trkpt lat="49.961895" lon="14.221808"><ele>356.5</ele><time>2025-06-14T10:20:19Z</time></trkpt>
      <trkpt lat="49.961789" lon="14.221722"><ele>358.0</ele><time>2025-06-14T10:20:24Z</time></trkpt>
      <trkpt lat="49.961683" lon="14.221635"><ele>359.5</ele><time>2025-06-14T10:20:29Z</time></trkpt>
      <trkpt lat="49.961577" lon="14.221549"><ele>361.0</ele><time>2025-06-14T10:20:35Z</time></trkpt>
      <trkpt lat="49.961496" lon="14.221461"><ele>361.0</ele><time>2025-06-14T10:20:36Z</time></trkpt>
      <trkpt lat="49.961416" lon="14.221373"><ele>361.0</ele><time>2025-06-14T10:20:38Z</time></trkpt>
      <trkpt lat="49.961335" lon="14.221284"><ele>361.0</ele><time>2025-06-14T10:20:39Z</time></trkpt>
      <trkpt lat="49.961254" lon="14.221196"><ele>361.0</ele><time>2025-06-14T10:20:41Z</time></trkpt>
      <trkpt lat="49.961174" lon="14.221108"><ele>361.0</ele><time>2025-06-14T10:20:42Z</time></trkpt>
      <trkpt lat="49.961093" lon="14.221020"><ele>361.0</ele><time>2025-06-14T10:20:44Z</time></trkpt>
      <trkpt lat="49.960960" lon="14.220939"><ele>361.0</ele><time>2025-06-14T10:20:46Z</time></trkpt>
      <trkpt lat="49.960864" lon="14.220931"><ele>361.0</ele><time>2025-06-14T10:20:48Z</time></trkpt>
      <trkpt lat="49.960768" lon="14.220923"><ele>361.0</ele><time>2025-06-14T10:20:49Z</time></trkpt>
      <trkpt lat="49.960672" lon="14.220914"><ele>360.7</ele><time>2025-06-14T10:20:50Z</time></trkpt>
      <trkpt lat="49.960576" lon="14.220906"><ele>360.4</ele><time>2025-06-14T10:20:52Z</time></trkpt>
      <trkpt lat="49.960453" lon="14.220866"><ele>360.0</ele><time>2025-06-14T10:20:53Z</time></trkpt>
      <trkpt lat="49.960388" lon="14.220821"><ele>359.7</ele><time>2025-06-14T10:20:54Z</time></trkpt>
      <trkpt lat="49.960263" lon="14.220686"><ele>359.3</ele><time>2025-06-14T10:20:56Z</time></trkpt>
      <trkpt lat="49.960191" lon="14.220585"><ele>358.9</ele><time>2025-06-14T10:20:58Z</time></trkpt>
      <trkpt lat="49.960119" lon="14.220483"><ele>358.6</ele><time>2025-06-14T10:20:59Z</time></trkpt>
      <trkpt lat="49.960046" lon="14.220382"><ele>358.3</ele><time>2025-06-14T10:21:00Z</time></trkpt>
      <trkpt lat="49.959974" lon="14.220281"><ele>358.0</ele><time>2025-06-14T10:21:01Z</time></trkpt>
      <trkpt lat="49.959902" lon="14.220179"><ele>358.4</ele><time>2025-06-14T10:21:04Z</time></trkpt>
      <trkpt lat="49.959830" lon="14.220078"><ele>358.9</ele><time>2025-06-14T10:21:06Z</time></trkpt>
      <trkpt lat="49.959755" lon="14.220003"><ele>359.3</ele><time>2025-06-14T10:21:08Z</time></trkpt>
      <trkpt lat="49.959660" lon="14.219934"><ele>359.8</ele><time>2025-06-14T10:21:10Z</time></trkpt>
      <trkpt lat="49.959565" lon="14.219866"><ele>360.2</ele><time>2025-06-14T10:21:12Z</time></trkpt>
      <trkpt lat="49.959470" lon="14.219797"><ele>360.7</ele><time>2025-06-14T10:21:14Z</time></trkpt>
      <trkpt lat="49.959377" lon="14.219757"><ele>361.1</ele><time>2025-06-14T10:21:16Z</time></trkpt>
      <trkpt lat="49.959285" lon="14.219717"><ele>361.6</ele><time>2025-06-14T10:21:18Z</time></trkpt>
      <trkpt lat="49.959192" lon="14.219676"><ele>362.0</ele><time>2025-06-14T10:21:21Z</time></trkpt>
      <trkpt lat="49.959099" lon="14.219636"><ele>361.1</ele><time>2025-06-14T10:21:22Z</time></trkpt>
      <trkpt lat="49.958987" lon="14.219613"><ele>359.9</ele><time>2025-06-14T10:21:23Z</time></trkpt>
      <trkpt lat="49.958876" lon="14.219591"><ele>358.8</ele><time>2025-06-14T10:21:24Z</time></trkpt>
      <trkpt lat="49.958777" lon="14.219585"><ele>357.9</ele><time>2025-06-14T10:21:25Z</time></trkpt>
      <trkpt lat="49.958679" lon="14.219580"><ele>356.9</ele><time>2025-06-14T10:21:26Z</time></trkpt>
      <trkpt lat="49.958580" lon="14.219574"><ele>355.9</ele><time>2025-06-14T10:21:27Z</time></trkpt>
      <trkpt lat="49.958481" lon="14.219569"><ele>354.9</ele><time>2025-06-14T10:21:28Z</time></trkpt>
      <trkpt lat="49.958382" lon="14.219563"><ele>354.0</ele><time>2025-06-14T10:21:29Z</time></trkpt>
      <trkpt lat="49.958284" lon="14.219558"><ele>353.0</ele><time>2025-06-14T10:21:30Z</time></trkpt>
      <trkpt lat="49.958185" lon="14.219552"><ele>353.3</ele><time>2025-06-14T10:21:32Z</time></trkpt>
      <trkpt lat="49.958069" lon="14.219528"><ele>353.6</ele><time>2025-06-14T10:21:34Z</time></trkpt>
      <trkpt lat="49.957905" lon="14.219461"><ele>354.1</ele><time>2025-06-14T10:21:37Z</time></trkpt>
      <trkpt lat="49.957800" lon="14.219402"><ele>354.4</ele><time>2025-06-14T10:21:39Z</time></trkpt>
      <trkpt lat="49.957694" lon="14.219342"><ele>354.7</ele><time>2025-06-14T10:21:41Z</time></trkpt>
      <trkpt lat="49.957588" lon="14.219283"><ele>355.0</ele><time>2025-06-14T10:21:44Z</time></trkpt>
      <trkpt lat="49.957483" lon="14.219223"><ele>355.3</ele><time>2025-06-14T10:21:46Z</time></trkpt>
      <trkpt lat="49.957371" lon="14.219172"><ele>355.7</ele><time>2025-06-14T10:21:48Z</time></trkpt>
      <trkpt lat="49.957259" lon="14.219121"><ele>356.0</ele><time>2025-06-14T10:21:50Z</time></trkpt>
      <trkpt lat="49.957168" lon="14.219087"><ele>355.9</ele><time>2025-06-14T10:21:52Z</time></trkpt>
      <trkpt lat="49.957077" lon="14.219052"><ele>355.8</ele><time>2025-06-14T10:21:53Z</time></trkpt>
      <trkpt lat="49.956986" lon="14.219018"><ele>355.7</ele><time>2025-06-14T10:21:54Z</time></trkpt>
      <trkpt lat="49.956895" lon="14.218984"><ele>355.6</ele><time>2025-06-14T10:21:56Z</time></trkpt>
      <trkpt lat="49.956803" lon="14.218949"><ele>355.4</ele><time>2025-06-14T10:21:57Z</time></trkpt>
      <trkpt lat="49.956712" lon="14.218915"><ele>355.3</ele><time>2025-06-14T10:21:59Z</time></trkpt>
      <trkpt lat="49.956621" lon="14.218881"><ele>355.2</ele><time>2025-06-14T10:22:00Z</time></trkpt>
      <trkpt lat="49.956530" lon="14.218846"><ele>355.1</ele><time>2025-06-14T10:22:01Z</time></trkpt>
      <trkpt lat="49.956439" lon="14.218812"><ele>355.0</ele><time>2025-06-14T10:22:03Z</time></trkpt>
      <trkpt lat="49.956354" lon="14.218760"><ele>354.7</ele><time>2025-06-14T10:22:04Z</time></trkpt>
      <trkpt lat="49.956269" lon="14.218708"><ele>354.3</ele><time>2025-06-14T10:22:05Z</time></trkpt>
      <trkpt lat="49.956184" lon="14.218656"><ele>354.0</ele><time>2025-06-14T10:22:06Z</time></trkpt>
      <trkpt lat="49.956099" lon="14.218604"><ele>353.7</ele><time>2025-06-14T10:22:08Z</time></trkpt>
      <trkpt lat="49.956014" lon="14.218552"><ele>353.3</ele><time>2025-06-14T10:22:09Z</time></trkpt>
      <trkpt lat="49.955929" lon="14.218500"><ele>353.0</ele><time>2025-06-14T10:22:10Z</time></trkpt>
      <trkpt lat="49.955847" lon="14.218439"><ele>352.7</ele><time>2025-06-14T10:22:11Z</time></trkpt>
      <trkpt lat="49.955764" lon="14.218378"><ele>352.3</ele><time>2025-06-14T10:22:13Z</time></trkpt>
      <trkpt lat="49.955682" lon="14.218317"><ele>352.0</ele><time>2025-06-14T10:22:14Z</time></trkpt>
      <trkpt lat="49.955600" lon="14.218256"><ele>351.8</ele><time>2025-06-14T10:22:15Z</time></trkpt>
      <trkpt lat="49.955517" lon="14.218196"><ele>351.6</ele><time>2025-06-14T10:22:16Z</time></trkpt>
      <trkpt lat="49.955435" lon="14.218135"><ele>351.3</ele><time>2025-06-14T10:22:18Z</time></trkpt>
      <trkpt lat="49.955353" lon="14.218074"><ele>351.1</ele><time>2025-06-14T10:22:19Z</time></trkpt>
      <trkpt lat="49.955270" lon="14.218013"><ele>350.9</ele><time>2025-06-14T10:22:20Z</time></trkpt>
      <trkpt lat="49.955188" lon="14.217952"><ele>350.7</ele><time>2025-06-14T10:22:22Z</time></trkpt>
      <trkpt lat="49.955106" lon="14.217891"><ele>350.4</ele><time>2025-06-14T10:22:23Z</time></trkpt>
      <trkpt lat="49.955023" lon="14.217830"><ele>350.2</ele><time>2025-06-14T10:22:24Z</time></trkpt>
      <trkpt lat="49.954941" lon="14.217769"><ele>350.0</ele><time>2025-06-14T10:22:26Z</time></trkpt>
      <trkpt lat="49.954859" lon="14.217708"><ele>349.9</ele><time>2025-06-14T10:22:27Z</time></trkpt>
      <trkpt lat="49.954776" lon="14.217648"><ele>349.8</ele><time>2025-06-14T10:22:28Z</time></trkpt>
      <trkpt lat="49.954694" lon="14.217587"><ele>349.7</ele><time>2025-06-14T10:22:30Z</time></trkpt>
      <trkpt lat="49.954612" lon="14.217526"><ele>349.6</ele><time>2025-06-14T10:22:31Z</time></trkpt>
      <trkpt lat="49.954529" lon="14.217465"><ele>349.5</ele><time>2025-06-14T10:22:33Z</time></trkpt>
      <trkpt lat="49.954447" lon="14.217404"><ele>349.4</ele><time>2025-06-14T10:22:34Z</time></trkpt>
      <trkpt lat="49.954353" lon="14.217358"><ele>349.2</ele><time>2025-06-14T10:22:36Z</time></trkpt>
      <trkpt lat="49.954258" lon="14.217311"><ele>349.1</ele><time>2025-06-14T10:22:37Z</time></trkpt>
      <trkpt lat="49.954164" lon="14.217265"><ele>349.0</ele><time>2025-06-14T10:22:39Z</time></trkpt>
      <trkpt lat="49.954069" lon="14.217218"><ele>349.2</ele><time>2025-06-14T10:22:41Z</time></trkpt>
      <trkpt lat="49.953975" lon="14.217172"><ele>349.4</ele><time>2025-06-14T10:22:43Z</time></trkpt>
      <trkpt lat="49.953856" lon="14.217146"><ele>349.7</ele><time>2025-06-14T10:22:45Z</time></trkpt>
      <trkpt lat="49.953736" lon="14.217119"><ele>349.9</ele><time>2025-06-14T10:22:47Z</time></trkpt>
      <trkpt lat="49.953620" lon="14.217141"><ele>350.2</ele><time>2025-06-14T10:22:50Z</time></trkpt>
      <trkpt lat="49.953504" lon="14.217163"><ele>350.4</ele><time>2025-06-14T10:22:52Z</time></trkpt>
      <trkpt lat="49.953407" lon="14.217185"><ele>350.6</ele><time>2025-06-14T10:22:54Z</time></trkpt>
      <trkpt lat="49.953311" lon="14.217208"><ele>350.8</ele><time>2025-06-14T10:22:56Z</time></trkpt>
      <trkpt lat="49.953214" lon="14.217230"><ele>351.0</ele><time>2025-06-14T10:22:58Z</time></trkpt>
      <trkpt lat="49.953117" lon="14.217253"><ele>351.5</ele><time>2025-06-14T10:23:00Z</time></trkpt>
      <trkpt lat="49.953021" lon="14.217275"><ele>352.1</ele><time>2025-06-14T10:23:03Z</time></trkpt>
      <trkpt lat="49.952924" lon="14.217298"><ele>352.6</ele><time>2025-06-14T10:23:06Z</time></trkpt>
      <trkpt lat="49.952829" lon="14.217336"><ele>353.2</ele><time>2025-06-14T10:23:08Z</time></trkpt>
      <trkpt lat="49.952734" lon="14.217374"><ele>353.7</ele><time>2025-06-14T10:23:11Z</time></trkpt>
      <trkpt lat="49.952638" lon="14.217411"><ele>354.3</ele><time>2025-06-14T10:23:14Z</time></trkpt>
      <trkpt lat="49.952543" lon="14.217449"><ele>354.8</ele><time>2025-06-14T10:23:16Z</time></trkpt>
      <trkpt lat="49.952445" lon="14.217500"><ele>355.4</ele><time>2025-06-14T10:23:19Z</time></trkpt>
      <trkpt lat="49.952348" lon="14.217552"><ele>356.0</ele><time>2025-06-14T10:23:22Z</time></trkpt>
      <trkpt lat="49.952250" lon="14.217603"><ele>356.2</ele><time>2025-06-14T10:23:24Z</time></trkpt>
      <trkpt lat="49.952109" lon="14.217678"><ele>356.5</ele><time>2025-06-14T10:23:27Z</time></trkpt>
      <trkpt lat="49.952087" lon="14.217690"><ele>356.6</ele><time>2025-06-14T10:23:27Z</time></trkpt>
      <trkpt lat="49.951977" lon="14.217751"><ele>356.8</ele><time>2025-06-14T10:23:30Z</time></trkpt>
      <trkpt lat="49.951850" lon="14.217799"><ele>357.1</ele><time>2025-06-14T10:23:32Z</time></trkpt>
      <trkpt lat="49.951723" lon="14.217809"><ele>357.3</ele><time>2025-06-14T10:23:35Z</time></trkpt>
      <trkpt lat="49.951596" lon="14.217819"><ele>357.6</ele><time>2025-06-14T10:23:37Z</time></trkpt>
      <trkpt lat="49.951503" lon="14.217814"><ele>357.8</ele><time>2025-06-14T10:23:39Z</time></trkpt>
      <trkpt lat="49.951409" lon="14.217808"><ele>358.0</ele><time>2025-06-14T10:23:41Z</time></trkpt>
      <trkpt lat="49.951300" lon="14.217784"><ele>358.3</ele><time>2025-06-14T10:23:44Z</time></trkpt>
      <trkpt lat="49.951192" lon="14.217761"><ele>358.7</ele><time>2025-06-14T10:23:46Z</time></trkpt>
      <trkpt lat="49.951083" lon="14.217737"><ele>359.0</ele><time>2025-06-14T10:23:48Z</time></trkpt>
      <trkpt lat="49.951017" lon="14.217601"><ele>359.3</ele><time>2025-06-14T10:23:51Z</time></trkpt>
      <trkpt lat="49.950952" lon="14.217466"><ele>359.6</ele><time>2025-06-14T10:23:53Z</time></trkpt>
      <trkpt lat="49.950886" lon="14.217330"><ele>359.9</ele><time>2025-06-14T10:23:56Z</time></trkpt>
      <trkpt lat="49.950822" lon="14.217175"><ele>360.3</ele><time>2025-06-14T10:23:58Z</time></trkpt>
      <trkpt lat="49.950757" lon="14.217020"><ele>360.7</ele><time>2025-06-14T10:24:01Z</time></trkpt>
      <trkpt lat="49.950699" lon="14.216863"><ele>361.0</ele><time>2025-06-14T10:24:03Z</time></trkpt>
      <trkpt lat="49.950640" lon="14.216707"><ele>361.1</ele><time>2025-06-14T10:24:06Z</time></trkpt>
      <trkpt lat="49.950588" lon="14.216586"><ele>361.2</ele><time>2025-06-14T10:24:07Z</time></trkpt>
      <trkpt lat="49.950536" lon="14.216466"><ele>361.4</ele><time>2025-06-14T10:24:09Z</time></trkpt>
      <trkpt lat="49.950484" lon="14.216345"><ele>361.5</ele><time>2025-06-14T10:24:11Z</time></trkpt>
      <trkpt lat="49.950432" lon="14.216225"><ele>361.6</ele><time>2025-06-14T10:24:13Z</time></trkpt>
      <trkpt lat="49.950380" lon="14.216104"><ele>361.7</ele><time>2025-06-14T10:24:15Z</time></trkpt>
      <trkpt lat="49.950328" lon="14.215983"><ele>361.8</ele><time>2025-06-14T10:24:16Z</time></trkpt>
      <trkpt lat="49.950276" lon="14.215863"><ele>361.9</ele><time>2025-06-14T10:24:18Z</time></trkpt>
      <trkpt lat="49.950224" lon="14.215742"><ele>362.0</ele><time>2025-06-14T10:24:20Z</time></trkpt>
      <trkpt lat="49.950172" lon="14.215622"><ele>362.4</ele><time>2025-06-14T10:24:22Z</time></trkpt>
      <trkpt lat="49.950120" lon="14.215501"><ele>362.9</ele><time>2025-06-14T10:24:25Z</time></trkpt>
      <trkpt lat="49.950068" lon="14.215380"><ele>363.3</ele><time>2025-06-14T10:24:27Z</time></trkpt>
      <trkpt lat="49.950016" lon="14.215260"><ele>363.8</ele><time>2025-06-14T10:24:30Z</time></trkpt>
      <trkpt lat="49.949964" lon="14.215139"><ele>364.2</ele><time>2025-06-14T10:24:32Z</time></trkpt>
      <trkpt lat="49.949912" lon="14.215019"><ele>364.6</ele><time>2025-06-14T10:24:35Z</time></trkpt>
      <trkpt lat="49.949860" lon="14.214898"><ele>365.1</ele><time>2025-06-14T10:24:37Z</time></trkpt>
      <trkpt lat="49.949805" lon="14.214771"><ele>365.5</ele><time>2025-06-14T10:24:40Z</time></trkpt>
      <trkpt lat="49.949751" lon="14.214645"><ele>366.0</ele><time>2025-06-14T10:24:42Z</time></trkpt>
      <trkpt lat="49.949696" lon="14.214518"><ele>366.1</ele><time>2025-06-14T10:24:44Z</time></trkpt>
      <trkpt lat="49.949641" lon="14.214391"><ele>366.2</ele><time>2025-06-14T10:24:46Z</time></trkpt>
      <trkpt lat="49.949587" lon="14.214236"><ele>366.3</ele><time>2025-06-14T10:24:48Z</time></trkpt>
      <trkpt lat="49.949534" lon="14.214080"><ele>366.4</ele><time>2025-06-14T10:24:50Z</time></trkpt>
      <trkpt lat="49.949480" lon="14.213925"><ele>366.6</ele><time>2025-06-14T10:24:52Z</time></trkpt>
      <trkpt lat="49.949439" lon="14.213765"><ele>366.7</ele><time>2025-06-14T10:24:54Z</time></trkpt>
      <trkpt lat="49.949398" lon="14.213605"><ele>366.8</ele><time>2025-06-14T10:24:57Z</time></trkpt>
      <trkpt lat="49.949357" lon="14.213445"><ele>366.9</ele><time>2025-06-14T10:24:59Z</time></trkpt>
      <trkpt lat="49.949329" lon="14.213310"><ele>367.0</ele><time>2025-06-14T10:25:00Z</time></trkpt>
      <trkpt lat="49.949302" lon="14.213176"><ele>368.2</ele><time>2025-06-14T10:25:04Z</time></trkpt>
      <trkpt lat="49.949274" lon="14.213041"><ele>369.4</ele><time>2025-06-14T10:25:09Z</time></trkpt>
      <trkpt lat="49.949247" lon="14.212907"><ele>370.7</ele><time>2025-06-14T10:25:13Z</time></trkpt>
      <trkpt lat="49.949219" lon="14.212772"><ele>371.9</ele><time>2025-06-14T10:25:17Z</time></trkpt>
      <trkpt lat="49.949192" lon="14.212637"><ele>373.1</ele><time>2025-06-14T10:25:21Z</time></trkpt>
      <trkpt lat="49.949164" lon="14.212503"><ele>374.3</ele><time>2025-06-14T10:25:25Z</time></trkpt>
      <trkpt lat="49.949137" lon="14.212368"><ele>375.6</ele><time>2025-06-14T10:25:29Z</time></trkpt>
      <trkpt lat="49.949109" lon="14.212234"><ele>376.8</ele><time>2025-06-14T10:25:33Z</time></trkpt>
      <trkpt lat="49.949082" lon="14.212099"><ele>378.0</ele><time>2025-06-14T10:25:37Z</time></trkpt>
      <trkpt lat="49.949054" lon="14.211965"><ele>378.4</ele><time>2025-06-14T10:25:39Z</time></trkpt>
      <trkpt lat="49.949027" lon="14.211830"><ele>378.9</ele><time>2025-06-14T10:25:42Z</time></trkpt>
      <trkpt lat="49.948999" lon="14.211695"><ele>379.3</ele><time>2025-06-14T10:25:44Z</time></trkpt>
      <trkpt lat="49.948972" lon="14.211561"><ele>379.8</ele><time>2025-06-14T10:25:46Z</time></trkpt>
      <trkpt lat="49.948944" lon="14.211426"><ele>380.2</ele><time>2025-06-14T10:25:49Z</time></trkpt>
      <trkpt lat="49.948917" lon="14.211292"><ele>380.7</ele><time>2025-06-14T10:25:51Z</time></trkpt>
      <trkpt lat="49.948889" lon="14.211157"><ele>381.1</ele><time>2025-06-14T10:25:53Z</time></trkpt>
      <trkpt lat="49.948862" lon="14.211022"><ele>381.6</ele><time>2025-06-14T10:25:56Z</time></trkpt>
      <trkpt lat="49.948834" lon="14.210888"><ele>382.0</ele><time>2025-06-14T10:25:58Z</time></trkpt>
      <trkpt lat="49.948807" lon="14.210753"><ele>383.0</ele><time>2025-06-14T10:26:02Z</time></trkpt>
      <trkpt lat="49.948779" lon="14.210619"><ele>384.0</ele><time>2025-06-14T10:26:06Z</time></trkpt>
      <trkpt lat="49.948752" lon="14.210484"><ele>385.0</ele><time>2025-06-14T10:26:10Z</time></trkpt>
      <trkpt lat="49.948724" lon="14.210350"><ele>386.0</ele><time>2025-06-14T10:26:14Z</time></trkpt>
      <trkpt lat="49.948697" lon="14.210215"><ele>387.0</ele><time>2025-06-14T10:26:18Z</time></trkpt>
      <trkpt lat="49.948669" lon="14.210080"><ele>388.0</ele><time>2025-06-14T10:26:22Z</time></trkpt>
      <trkpt lat="49.948642" lon="14.209946"><ele>389.0</ele><time>2025-06-14T10:26:26Z</time></trkpt>
      <trkpt lat="49.948614" lon="14.209811"><ele>390.0</ele><time>2025-06-14T10:26:31Z</time></trkpt>
      <trkpt lat="49.948587" lon="14.209677"><ele>391.0</ele><time>2025-06-14T10:26:35Z</time></trkpt>
      <trkpt lat="49.948559" lon="14.209542"><ele>391.2</ele><time>2025-06-14T10:26:36Z</time></trkpt>
      <trkpt lat="49.948526" lon="14.209394"><ele>391.4</ele><time>2025-06-14T10:26:38Z</time></trkpt>
      <trkpt lat="49.948492" lon="14.209245"><ele>391.7</ele><time>2025-06-14T10:26:41Z</time></trkpt>
      <trkpt lat="49.948459" lon="14.209097"><ele>391.9</ele><time>2025-06-14T10:26:43Z</time></trkpt>
      <trkpt lat="49.948426" lon="14.208949"><ele>392.1</ele><time>2025-06-14T10:26:45Z</time></trkpt>
      <trkpt lat="49.948393" lon="14.208801"><ele>392.3</ele><time>2025-06-14T10:26:47Z</time></trkpt>
      <trkpt lat="49.948359" lon="14.208652"><ele>392.6</ele><time>2025-06-14T10:26:49Z</time></trkpt>
      <trkpt lat="49.948326" lon="14.208504"><ele>392.8</ele><time>2025-06-14T10:26:51Z</time></trkpt>
      <trkpt lat="49.948287" lon="14.208359"><ele>393.0</ele><time>2025-06-14T10:26:53Z</time></trkpt>
      <trkpt lat="49.948248" lon="14.208215"><ele>394.3</ele><time>2025-06-14T10:26:57Z</time></trkpt>
      <trkpt lat="49.948208" lon="14.208070"><ele>395.7</ele><time>2025-06-14T10:27:02Z</time></trkpt>
      <trkpt lat="49.948169" lon="14.207925"><ele>397.0</ele><time>2025-06-14T10:27:06Z</time></trkpt>
      <trkpt lat="49.948129" lon="14.207796"><ele>398.3</ele><time>2025-06-14T10:27:10Z</time></trkpt>
      <trkpt lat="49.948089" lon="14.207667"><ele>399.5</ele><time>2025-06-14T10:27:14Z</time></trkpt>
      <trkpt lat="49.948049" lon="14.207538"><ele>400.7</ele><time>2025-06-14T10:27:19Z</time></trkpt>
      <trkpt lat="49.947999" lon="14.207377"><ele>402.2</ele><time>2025-06-14T10:27:24Z</time></trkpt>
      <trkpt lat="49.947949" lon="14.207217"><ele>403.8</ele><time>2025-06-14T10:27:29Z</time></trkpt>
      <trkpt lat="49.947908" lon="14.207086"><ele>405.0</ele><time>2025-06-14T10:27:33Z</time></trkpt>
      <trkpt lat="49.947868" lon="14.206955"><ele>405.8</ele><time>2025-06-14T10:27:36Z</time></trkpt>
      <trkpt lat="49.947827" lon="14.206824"><ele>406.6</ele><time>2025-06-14T10:27:40Z</time></trkpt>
      <trkpt lat="49.947786" lon="14.206693"><ele>407.3</ele><time>2025-06-14T10:27:43Z</time></trkpt>
      <trkpt lat="49.947745" lon="14.206562"><ele>408.1</ele><time>2025-06-14T10:27:46Z</time></trkpt>
      <trkpt lat="49.947705" lon="14.206431"><ele>408.9</ele><time>2025-06-14T10:27:50Z</time></trkpt>
      <trkpt lat="49.947664" lon="14.206300"><ele>409.7</ele><time>2025-06-14T10:27:53Z</time></trkpt>
      <trkpt lat="49.947623" lon="14.206169"><ele>410.4</ele><time>2025-06-14T10:27:56Z</time></trkpt>
      <trkpt lat="49.947583" lon="14.206038"><ele>411.2</ele><time>2025-06-14T10:28:00Z</time></trkpt>
      <trkpt lat="49.947542" lon="14.205907"><ele>412.0</ele><time>2025-06-14T10:28:03Z</time></trkpt>
      <trkpt lat="49.947503" lon="14.205776"><ele>412.1</ele><time>2025-06-14T10:28:05Z</time></trkpt>
      <trkpt lat="49.947465" lon="14.205644"><ele>412.2</ele><time>2025-06-14T10:28:06Z</time></trkpt>
      <trkpt lat="49.947426" lon="14.205513"><ele>412.3</ele><time>2025-06-14T10:28:08Z</time></trkpt>
      <trkpt lat="49.947388" lon="14.205381"><ele>412.4</ele><time>2025-06-14T10:28:10Z</time></trkpt>
      <trkpt lat="49.947349" lon="14.205250"><ele>412.6</ele><time>2025-06-14T10:28:11Z</time></trkpt>
      <trkpt lat="49.947311" lon="14.205118"><ele>412.7</ele><time>2025-06-14T10:28:13Z</time></trkpt>
      <trkpt lat="49.947272" lon="14.204987"><ele>412.8</ele><time>2025-06-14T10:28:15Z</time></trkpt>
      <trkpt lat="49.947234" lon="14.204855"><ele>412.9</ele><time>2025-06-14T10:28:16Z</time></trkpt>
      <trkpt lat="49.947195" lon="14.204724"><ele>413.0</ele><time>2025-06-14T10:28:18Z</time></trkpt>
      <trkpt lat="49.947157" lon="14.204592"><ele>413.1</ele><time>2025-06-14T10:28:20Z</time></trkpt>
      <trkpt lat="49.947118" lon="14.204461"><ele>413.2</ele><time>2025-06-14T10:28:21Z</time></trkpt>
      <trkpt lat="49.947080" lon="14.204329"><ele>413.3</ele><time>2025-06-14T10:28:23Z</time></trkpt>
      <trkpt lat="49.947041" lon="14.204198"><ele>413.4</ele><time>2025-06-14T10:28:25Z</time></trkpt>
      <trkpt lat="49.947003" lon="14.204066"><ele>413.6</ele><time>2025-06-14T10:28:26Z</time></trkpt>
      <trkpt lat="49.946964" lon="14.203935"><ele>413.7</ele><time>2025-06-14T10:28:28Z</time></trkpt>
      <trkpt lat="49.946926" lon="14.203803"><ele>413.8</ele><time>2025-06-14T10:28:29Z</time></trkpt>
      <trkpt lat="49.946887" lon="14.203672"><ele>413.9</ele><time>2025-06-14T10:28:31Z</time></trkpt>
      <trkpt lat="49.946849" lon="14.203545"><ele>414.0</ele><time>2025-06-14T10:28:33Z</time></trkpt>
      <trkpt lat="49.946811" lon="14.203418"><ele>411.3</ele><time>2025-06-14T10:28:33Z</time></trkpt>
      <trkpt lat="49.946773" lon="14.203292"><ele>408.7</ele><time>2025-06-14T10:28:34Z</time></trkpt>
      <trkpt lat="49.946735" lon="14.203165"><ele>406.0</ele><time>2025-06-14T10:28:35Z</time></trkpt>
      <trkpt lat="49.946697" lon="14.203038"><ele>403.3</ele><time>2025-06-14T10:28:36Z</time></trkpt>
      <trkpt lat="49.946659" lon="14.202911"><ele>400.7</ele><time>2025-06-14T10:28:37Z</time></trkpt>
      <trkpt lat="49.946621" lon="14.202785"><ele>398.0</ele><time>2025-06-14T10:28:37Z</time></trkpt>
      <trkpt lat="49.946583" lon="14.202658"><ele>395.3</ele><time>2025-06-14T10:28:38Z</time></trkpt>
      <trkpt lat="49.946544" lon="14.202531"><ele>392.7</ele><time>2025-06-14T10:28:39Z</time></trkpt>
      <trkpt lat="49.946506" lon="14.202404"><ele>390.0</ele><time>2025-06-14T10:28:40Z</time></trkpt>
      <trkpt lat="49.946468" lon="14.202278"><ele>390.4</ele><time>2025-06-14T10:28:42Z</time></trkpt>
      <trkpt lat="49.946430" lon="14.202151"><ele>390.9</ele><time>2025-06-14T10:28:44Z</time></trkpt>
      <trkpt lat="49.946392" lon="14.202024"><ele>391.3</ele><time>2025-06-14T10:28:46Z</time></trkpt>
      <trkpt lat="49.946354" lon="14.201897"><ele>391.8</ele><time>2025-06-14T10:28:48Z</time></trkpt>
      <trkpt lat="49.946316" lon="14.201771"><ele>392.2</ele><time>2025-06-14T10:28:50Z</time></trkpt>
      <trkpt lat="49.946278" lon="14.201644"><ele>392.6</ele><time>2025-06-14T10:28:52Z</time></trkpt>
      <trkpt lat="49.946240" lon="14.201517"><ele>393.1</ele><time>2025-06-14T10:28:54Z</time></trkpt>
      <trkpt lat="49.946201" lon="14.201386"><ele>393.5</ele><time>2025-06-14T10:28:56Z</time></trkpt>
      <trkpt lat="49.946163" lon="14.201255"><ele>394.0</ele><time>2025-06-14T10:28:58Z</time></trkpt>
      <trkpt lat="49.946124" lon="14.201124"><ele>391.6</ele><time>2025-06-14T10:28:59Z</time></trkpt>
      <trkpt lat="49.946085" lon="14.200994"><ele>389.1</ele><time>2025-06-14T10:29:00Z</time></trkpt>
      <trkpt lat="49.946047" lon="14.200863"><ele>386.7</ele><time>2025-06-14T10:29:01Z</time></trkpt>
      <trkpt lat="49.946008" lon="14.200732"><ele>384.2</ele><time>2025-06-14T10:29:02Z</time></trkpt>
      <trkpt lat="49.945969" lon="14.200601"><ele>381.8</ele><time>2025-06-14T10:29:03Z</time></trkpt>
      <trkpt lat="49.945931" lon="14.200470"><ele>379.3</ele><time>2025-06-14T10:29:03Z</time></trkpt>
      <trkpt lat="49.945892" lon="14.200339"><ele>376.9</ele><time>2025-06-14T10:29:04Z</time></trkpt>
      <trkpt lat="49.945853" lon="14.200208"><ele>374.4</ele><time>2025-06-14T10:29:05Z</time></trkpt>
      <trkpt lat="49.945814" lon="14.200077"><ele>372.0</ele><time>2025-06-14T10:29:06Z</time></trkpt>
      <trkpt lat="49.945776" lon="14.199946"><ele>372.9</ele><time>2025-06-14T10:29:09Z</time></trkpt>
      <trkpt lat="49.945737" lon="14.199816"><ele>373.8</ele><time>2025-06-14T10:29:13Z</time></trkpt>
      <trkpt lat="49.945698" lon="14.199685"><ele>374.7</ele><time>2025-06-14T10:29:16Z</time></trkpt>
      <trkpt lat="49.945660" lon="14.199554"><ele>375.6</ele><time>2025-06-14T10:29:20Z</time></trkpt>
      <trkpt lat="49.945621" lon="14.199423"><ele>376.5</ele><time>2025-06-14T10:29:23Z</time></trkpt>
      <trkpt lat="49.945584" lon="14.199296"><ele>377.4</ele><time>2025-06-14T10:29:26Z</time></trkpt>
      <trkpt lat="49.945546" lon="14.199168"><ele>378.2</ele><time>2025-06-14T10:29:30Z</time></trkpt>
      <trkpt lat="49.945509" lon="14.199041"><ele>379.1</ele><time>2025-06-14T10:29:33Z</time></trkpt>
      <trkpt lat="49.945471" lon="14.198913"><ele>380.0</ele><time>2025-06-14T10:29:37Z</time></trkpt>
      <trkpt lat="49.945434" lon="14.198786"><ele>380.2</ele><time>2025-06-14T10:29:38Z</time></trkpt>
      <trkpt lat="49.945397" lon="14.198658"><ele>380.4</ele><time>2025-06-14T10:29:40Z</time></trkpt>
      <trkpt lat="49.945359" lon="14.198531"><ele>380.7</ele><time>2025-06-14T10:29:42Z</time></trkpt>
      <trkpt lat="49.945322" lon="14.198403"><ele>380.9</ele><time>2025-06-14T10:29:43Z</time></trkpt>
      <trkpt lat="49.945285" lon="14.198276"><ele>381.1</ele><time>2025-06-14T10:29:45Z</time></trkpt>
      <trkpt lat="49.945247" lon="14.198148"><ele>381.3</ele><time>2025-06-14T10:29:46Z</time></trkpt>
      <trkpt lat="49.945210" lon="14.198021"><ele>381.6</ele><time>2025-06-14T10:29:48Z</time></trkpt>
      <trkpt lat="49.945172" lon="14.197893"><ele>381.8</ele><time>2025-06-14T10:29:50Z</time></trkpt>
      <trkpt lat="49.945135" lon="14.197766"><ele>382.0</ele><time>2025-06-14T10:29:51Z</time></trkpt>
      <trkpt lat="49.945098" lon="14.197639"><ele>379.9</ele><time>2025-06-14T10:29:52Z</time></trkpt>
      <trkpt lat="49.945060" lon="14.197511"><ele>377.8</ele><time>2025-06-14T10:29:53Z</time></trkpt>
      <trkpt lat="49.945023" lon="14.197384"><ele>375.7</ele><time>2025-06-14T10:29:54Z</time></trkpt>
      <trkpt lat="49.944985" lon="14.197256"><ele>373.6</ele><time>2025-06-14T10:29:55Z</time></trkpt>
      <trkpt lat="49.944948" lon="14.197129"><ele>371.4</ele><time>2025-06-14T10:29:55Z</time></trkpt>
      <trkpt lat="49.944911" lon="14.197001"><ele>369.3</ele><time>2025-06-14T10:29:56Z</time></trkpt>
      <trkpt lat="49.944873" lon="14.196874"><ele>367.2</ele><time>2025-06-14T10:29:57Z</time></trkpt>
      <trkpt lat="49.944836" lon="14.196746"><ele>365.1</ele><time>2025-06-14T10:29:58Z</time></trkpt>
      <trkpt lat="49.944799" lon="14.196619"><ele>363.0</ele><time>2025-06-14T10:29:59Z</time></trkpt>
      <trkpt lat="49.944761" lon="14.196491"><ele>363.5</ele><time>2025-06-14T10:30:01Z</time></trkpt>
      <trkpt lat="49.944724" lon="14.196364"><ele>364.1</ele><time>2025-06-14T10:30:03Z</time></trkpt>
      <trkpt lat="49.944686" lon="14.196236"><ele>364.6</ele><time>2025-06-14T10:30:05Z</time></trkpt>
      <trkpt lat="49.944649" lon="14.196109"><ele>365.2</ele><time>2025-06-14T10:30:08Z</time></trkpt>
      <trkpt lat="49.944610" lon="14.195978"><ele>365.7</ele><time>2025-06-14T10:30:10Z</time></trkpt>
      <trkpt lat="49.944571" lon="14.195846"><ele>366.3</ele><time>2025-06-14T10:30:12Z</time></trkpt>
      <trkpt lat="49.944532" lon="14.195715"><ele>366.9</ele><time>2025-06-14T10:30:14Z</time></trkpt>
      <trkpt lat="49.944492" lon="14.195583"><ele>367.4</ele><time>2025-06-14T10:30:17Z</time></trkpt>
      <trkpt lat="49.944453" lon="14.195452"><ele>368.0</ele><time>2025-06-14T10:30:19Z</time></trkpt>
      <trkpt lat="49.944414" lon="14.195321"><ele>365.4</ele><time>2025-06-14T10:30:20Z</time></trkpt>
      <trkpt lat="49.944375" lon="14.195189"><ele>362.9</ele><time>2025-06-14T10:30:21Z</time></trkpt>
      <trkpt lat="49.944336" lon="14.195058"><ele>360.3</ele><time>2025-06-14T10:30:21Z</time></trkpt>
      <trkpt lat="49.944297" lon="14.194927"><ele>357.8</ele><time>2025-06-14T10:30:22Z</time></trkpt>
      <trkpt lat="49.944258" lon="14.194795"><ele>355.2</ele><time>2025-06-14T10:30:23Z</time></trkpt>
      <trkpt lat="49.944219" lon="14.194664"><ele>352.7</ele><time>2025-06-14T10:30:24Z</time></trkpt>
      <trkpt lat="49.944180" lon="14.194532"><ele>350.1</ele><time>2025-06-14T10:30:25Z</time></trkpt>
      <trkpt lat="49.944140" lon="14.194401"><ele>347.6</ele><time>2025-06-14T10:30:26Z</time></trkpt>
      <trkpt lat="49.944101" lon="14.194270"><ele>345.0</ele><time>2025-06-14T10:30:26Z</time></trkpt>
      <trkpt lat="49.944062" lon="14.194138"><ele>345.4</ele><time>2025-06-14T10:30:28Z</time></trkpt>
      <trkpt lat="49.944023" lon="14.194007"><ele>345.8</ele><time>2025-06-14T10:30:30Z</time></trkpt>
      <trkpt lat="49.943957" lon="14.193828"><ele>346.3</ele><time>2025-06-14T10:30:33Z</time></trkpt>
      <trkpt lat="49.943901" lon="14.193715"><ele>346.7</ele><time>2025-06-14T10:30:35Z</time></trkpt>
      <trkpt lat="49.943846" lon="14.193602"><ele>347.1</ele><time>2025-06-14T10:30:37Z</time></trkpt>
      <trkpt lat="49.943790" lon="14.193489"><ele>347.5</ele><time>2025-06-14T10:30:39Z</time></trkpt>
      <trkpt lat="49.943707" lon="14.193335"><ele>348.1</ele><time>2025-06-14T10:30:42Z</time></trkpt>
      <trkpt lat="49.943624" lon="14.193181"><ele>348.6</ele><time>2025-06-14T10:30:45Z</time></trkpt>
      <trkpt lat="49.943561" lon="14.193071"><ele>349.0</ele><time>2025-06-14T10:30:47Z</time></trkpt>
      <trkpt lat="49.943497" lon="14.192960"><ele>347.7</ele><time>2025-06-14T10:30:48Z</time></trkpt>
      <trkpt lat="49.943434" lon="14.192850"><ele>346.4</ele><time>2025-06-14T10:30:48Z</time></trkpt>
      <trkpt lat="49.943371" lon="14.192740"><ele>345.1</ele><time>2025-06-14T10:30:49Z</time></trkpt>
      <trkpt lat="49.943308" lon="14.192630"><ele>343.8</ele><time>2025-06-14T10:30:50Z</time></trkpt>
      <trkpt lat="49.943244" lon="14.192519"><ele>342.5</ele><time>2025-06-14T10:30:51Z</time></trkpt>
      <trkpt lat="49.943181" lon="14.192409"><ele>341.2</ele><time>2025-06-14T10:30:52Z</time></trkpt>
      <trkpt lat="49.943118" lon="14.192299"><ele>339.9</ele><time>2025-06-14T10:30:53Z</time></trkpt>
      <trkpt lat="49.943051" lon="14.192170"><ele>338.5</ele><time>2025-06-14T10:30:54Z</time></trkpt>
      <trkpt lat="49.942984" lon="14.192041"><ele>337.0</ele><time>2025-06-14T10:30:55Z</time></trkpt>
      <trkpt lat="49.942917" lon="14.191912"><ele>336.8</ele><time>2025-06-14T10:30:56Z</time></trkpt>
      <trkpt lat="49.942850" lon="14.191783"><ele>336.5</ele><time>2025-06-14T10:30:58Z</time></trkpt>
      <trkpt lat="49.942790" lon="14.191656"><ele>336.3</ele><time>2025-06-14T10:30:59Z</time></trkpt>
      <trkpt lat="49.942729" lon="14.191529"><ele>336.1</ele><time>2025-06-14T10:31:01Z</time></trkpt>
      <trkpt lat="49.942669" lon="14.191401"><ele>335.9</ele><time>2025-06-14T10:31:02Z</time></trkpt>
      <trkpt lat="49.942609" lon="14.191274"><ele>335.6</ele><time>2025-06-14T10:31:03Z</time></trkpt>
      <trkpt lat="49.942533" lon="14.191128"><ele>335.4</ele><time>2025-06-14T10:31:05Z</time></trkpt>
      <trkpt lat="49.942474" lon="14.191058"><ele>335.2</ele><time>2025-06-14T10:31:06Z</time></trkpt>
      <trkpt lat="49.942375" lon="14.191016"><ele>335.0</ele><time>2025-06-14T10:31:08Z</time></trkpt>
      <trkpt lat="49.942226" lon="14.191052"><ele>332.8</ele><time>2025-06-14T10:31:09Z</time></trkpt>
      <trkpt lat="49.942096" lon="14.191087"><ele>330.9</ele><time>2025-06-14T10:31:10Z</time></trkpt>
      <trkpt lat="49.941967" lon="14.191122"><ele>329.0</ele><time>2025-06-14T10:31:11Z</time></trkpt>
      <trkpt lat="49.941845" lon="14.191123"><ele>327.2</ele><time>2025-06-14T10:31:13Z</time></trkpt>
      <trkpt lat="49.941804" lon="14.191127"><ele>326.6</ele><time>2025-06-14T10:31:13Z</time></trkpt>
      <trkpt lat="49.941758" lon="14.191115"><ele>325.9</ele><time>2025-06-14T10:31:13Z</time></trkpt>
      <trkpt lat="49.941603" lon="14.191061"><ele>323.6</ele><time>2025-06-14T10:31:15Z</time></trkpt>
      <trkpt lat="49.941475" lon="14.190966"><ele>321.6</ele><time>2025-06-14T10:31:16Z</time></trkpt>
      <trkpt lat="49.941401" lon="14.190845"><ele>320.0</ele><time>2025-06-14T10:31:17Z</time></trkpt>
      <trkpt lat="49.941305" lon="14.190717"><ele>318.2</ele><time>2025-06-14T10:31:18Z</time></trkpt>
      <trkpt lat="49.941186" lon="14.190598"><ele>316.3</ele><time>2025-06-14T10:31:19Z</time></trkpt>
      <trkpt lat="49.941110" lon="14.190509"><ele>314.9</ele><time>2025-06-14T10:31:20Z</time></trkpt>
      <trkpt lat="49.941035" lon="14.190421"><ele>313.6</ele><time>2025-06-14T10:31:21Z</time></trkpt>
      <trkpt lat="49.940959" lon="14.190332"><ele>312.3</ele><time>2025-06-14T10:31:22Z</time></trkpt>
      <trkpt lat="49.940884" lon="14.190244"><ele>311.0</ele><time>2025-06-14T10:31:23Z</time></trkpt>
      <trkpt lat="49.940808" lon="14.190155"><ele>309.6</ele><time>2025-06-14T10:31:24Z</time></trkpt>
      <trkpt lat="49.940733" lon="14.190067"><ele>308.3</ele><time>2025-06-14T10:31:24Z</time></trkpt>
      <trkpt lat="49.940657" lon="14.189978"><ele>307.0</ele><time>2025-06-14T10:31:25Z</time></trkpt>
      <trkpt lat="49.940577" lon="14.189879"><ele>305.7</ele><time>2025-06-14T10:31:26Z</time></trkpt>
      <trkpt lat="49.940497" lon="14.189780"><ele>304.4</ele><time>2025-06-14T10:31:27Z</time></trkpt>
      <trkpt lat="49.940416" lon="14.189682"><ele>303.1</ele><time>2025-06-14T10:31:28Z</time></trkpt>
      <trkpt lat="49.940336" lon="14.189583"><ele>301.8</ele><time>2025-06-14T10:31:29Z</time></trkpt>
      <trkpt lat="49.940256" lon="14.189484"><ele>300.5</ele><time>2025-06-14T10:31:30Z</time></trkpt>
      <trkpt lat="49.940178" lon="14.189414"><ele>299.3</ele><time>2025-06-14T10:31:31Z</time></trkpt>
      <trkpt lat="49.940085" lon="14.189382"><ele>298.1</ele><time>2025-06-14T10:31:32Z</time></trkpt>
      <trkpt lat="49.939991" lon="14.189365"><ele>296.9</ele><time>2025-06-14T10:31:33Z</time></trkpt>
      <trkpt lat="49.939923" lon="14.189369"><ele>296.0</ele><time>2025-06-14T10:31:33Z</time></trkpt>
      <trkpt lat="49.939856" lon="14.189373"><ele>296.0</ele><time>2025-06-14T10:31:34Z</time></trkpt>
      <trkpt lat="49.939757" lon="14.189385"><ele>296.0</ele><time>2025-06-14T10:31:36Z</time></trkpt>
      <trkpt lat="49.939659" lon="14.189397"><ele>296.0</ele><time>2025-06-14T10:31:38Z</time></trkpt>
      <trkpt lat="49.939560" lon="14.189409"><ele>296.0</ele><time>2025-06-14T10:31:39Z</time></trkpt>
      <trkpt lat="49.939462" lon="14.189421"><ele>296.0</ele><time>2025-06-14T10:31:41Z</time></trkpt>
    </trkseg>
  </trk>
</gpx>
